AJ_Cook AJ_Cook_0001
Abdel_Nasser_Assidi Abdel_Nasser_Assidi_0001
Abdel_Nasser_Assidi Abdel_Nasser_Assidi_0002
Abdoulaye_Wade Abdoulaye_Wade_0004
Abdul_Rahman Abdul_Rahman_0001
Abdullah Abdullah_0001
Abdullah Abdullah_0002
Abdullah Abdullah_0003
Abdullah Abdullah_0004
Abdullah_Nasseef Abdullah_Nasseef_0001
Abdullah_al-Attiyah Abdullah_al-Attiyah_0001
Abdullah_al-Attiyah Abdullah_al-Attiyah_0002
Abdullah_al-Attiyah Abdullah_al-Attiyah_0003
Abel_Pacheco Abel_Pacheco_0001
Abel_Pacheco Abel_Pacheco_0003
Abel_Pacheco Abel_Pacheco_0004
Adam_Sandler Adam_Sandler_0001
Adam_Sandler Adam_Sandler_0002
Adam_Sandler Adam_Sandler_0003
Adam_Sandler Adam_Sandler_0004
Adrian_Nastase Adrian_Nastase_0002
Afton_Smith Afton_Smith_0001
Ahmed_Chalabi Ahmed_Chalabi_0001
Ahmed_Chalabi Ahmed_Chalabi_0002
Ahmed_Chalabi Ahmed_Chalabi_0004
Ai_Sugiyama Ai_Sugiyama_0002
Ai_Sugiyama Ai_Sugiyama_0004
Aicha_El_Ouafi Aicha_El_Ouafi_0001
Aicha_El_Ouafi Aicha_El_Ouafi_0002
Aicha_El_Ouafi Aicha_El_Ouafi_0003
Aidan_Quinn Aidan_Quinn_0001
Ainsworth_Dyer Ainsworth_Dyer_0001
Aiysha_Smith Aiysha_Smith_0001
Akbar_Al_Baker Akbar_Al_Baker_0001
Al_Gore Al_Gore_0001
Al_Gore Al_Gore_0003
Al_Gore Al_Gore_0006
Alan_Trammell Alan_Trammell_0001
Alberto_Acosta Alberto_Acosta_0001
Alberto_Fujimori Alberto_Fujimori_0001
Alberto_Fujimori Alberto_Fujimori_0002
Alberto_Ruiz_Gallardon Alberto_Ruiz_Gallardon_0001
Alberto_Ruiz_Gallardon Alberto_Ruiz_Gallardon_0002
Albrecht_Mentz Albrecht_Mentz_0001
Albrecht_Mentz Albrecht_Mentz_0002
Aldo_Paredes Aldo_Paredes_0001
Alec_Baldwin Alec_Baldwin_0001
Alec_Baldwin Alec_Baldwin_0002
Alec_Baldwin Alec_Baldwin_0003
Alec_Baldwin Alec_Baldwin_0004
Alejandro_Lopez Alejandro_Lopez_0001
Alejandro_Toledo Alejandro_Toledo_0020
Alejandro_Toledo Alejandro_Toledo_0038
Alex_Barros Alex_Barros_0001
Alex_Barros Alex_Barros_0002
Alex_Holmes Alex_Holmes_0001
Alex_Sink Alex_Sink_0002
Alex_Sink Alex_Sink_0003
Alex_Wallau Alex_Wallau_0001
Alexa_Loren Alexa_Loren_0001
Alexander_Downer Alexander_Downer_0001
Alexander_Lukashenko Alexander_Lukashenko_0001
Alexandre_Vinokourov Alexandre_Vinokourov_0001
Alfredo_Moreno Alfredo_Moreno_0001
Alice_Fisher Alice_Fisher_0001
Alice_Fisher Alice_Fisher_0002
Alicia_Silverstone Alicia_Silverstone_0001
Alicia_Silverstone Alicia_Silverstone_0002
Alimzhan_Tokhtakhounov Alimzhan_Tokhtakhounov_0001
Alimzhan_Tokhtakhounov Alimzhan_Tokhtakhounov_0002
Alina_Kabaeva Alina_Kabaeva_0001
Allan_Houston Allan_Houston_0001
Allen_Iverson Allen_Iverson_0001
Ally_Sheedy Ally_Sheedy_0001
Alvaro_Noboa Alvaro_Noboa_0001
Alvaro_Noboa Alvaro_Noboa_0002
Alvaro_Noboa Alvaro_Noboa_0003
Alvaro_Silva_Calderon Alvaro_Silva_Calderon_0003
Alvaro_Silva_Calderon Alvaro_Silva_Calderon_0004
Aly_Wagner Aly_Wagner_0001
Amelia_Vega Amelia_Vega_0002
Amelia_Vega Amelia_Vega_0004
Amelia_Vega Amelia_Vega_0005
Amelia_Vega Amelia_Vega_0006
Amelia_Vega Amelia_Vega_0007
Amer_al-Saadi Amer_al-Saadi_0001
Amer_al-Saadi Amer_al-Saadi_0002
Amy_Smart Amy_Smart_0001
Ana_Guevara Ana_Guevara_0001
Ana_Guevara Ana_Guevara_0002
Ana_Guevara Ana_Guevara_0003
Ana_Guevara Ana_Guevara_0005
Ana_Guevara Ana_Guevara_0006
Anastasia_Myskina Anastasia_Myskina_0001
Anastasia_Myskina Anastasia_Myskina_0002
Anastasia_Myskina Anastasia_Myskina_0003
Anders_Fogh_Rasmussen Anders_Fogh_Rasmussen_0001
Anders_Fogh_Rasmussen Anders_Fogh_Rasmussen_0002
Anders_Fogh_Rasmussen Anders_Fogh_Rasmussen_0003
Anders_Fogh_Rasmussen Anders_Fogh_Rasmussen_0004
Andres_Manuel_Lopez_Obrador Andres_Manuel_Lopez_Obrador_0001
Andres_Pastrana Andres_Pastrana_0001
Andrew_Bunner Andrew_Bunner_0001
Andrew_Weissmann Andrew_Weissmann_0001
Andrew_Weissmann Andrew_Weissmann_0003
Andy_Dick Andy_Dick_0001
Andy_Madikians Andy_Madikians_0001
Andy_Wisecarver Andy_Wisecarver_0001
Angel_Maza Angel_Maza_0001
Angela_Bassett Angela_Bassett_0002
Angela_Bassett Angela_Bassett_0006
Angelo_Genova Angelo_Genova_0001
Anibal_Ibarra Anibal_Ibarra_0001
Anibal_Ibarra Anibal_Ibarra_0002
Anibal_Ibarra Anibal_Ibarra_0003
Anjum_Hussain Anjum_Hussain_0001
Anna_Kournikova Anna_Kournikova_0005
Anna_Kournikova Anna_Kournikova_0009
Anne_Heche Anne_Heche_0001
Anne_ONeil Anne_ONeil_0001
Annette_Bening Annette_Bening_0001
Annette_Bening Annette_Bening_0002
Anthony_Hopkins Anthony_Hopkins_0001
Anthony_Hopkins Anthony_Hopkins_0002
Anthony_Scott_Miller Anthony_Scott_Miller_0001
Arminio_Fraga Arminio_Fraga_0002
Arminio_Fraga Arminio_Fraga_0006
Arnoldo_Aleman Arnoldo_Aleman_0001
Arnoldo_Aleman Arnoldo_Aleman_0002
Arnoldo_Aleman Arnoldo_Aleman_0003
Arnoldo_Aleman Arnoldo_Aleman_0004
Arsinee_Khanjian Arsinee_Khanjian_0001
Art_Hoffmann Art_Hoffmann_0001
Art_Hoffmann Art_Hoffmann_0002
Asa_Hutchinson Asa_Hutchinson_0001
Asa_Hutchinson Asa_Hutchinson_0002
Asif_Hanif Asif_Hanif_0001
Atsushi_Sato Atsushi_Sato_0001
Augusto_Roa_Bastos Augusto_Roa_Bastos_0001
Augusto_Roa_Bastos Augusto_Roa_Bastos_0002
Azra_Akin Azra_Akin_0001
Azra_Akin Azra_Akin_0004
BJ_Habibie BJ_Habibie_0001
Baburam_Bhattari Baburam_Bhattari_0001
Barbara_Bodine Barbara_Bodine_0001
Barbara_Boxer Barbara_Boxer_0001
Barbra_Streisand Barbra_Streisand_0001
Barbra_Streisand Barbra_Streisand_0002
Barbra_Streisand Barbra_Streisand_0003
Barry_Bonds Barry_Bonds_0001
Barry_Ford Barry_Ford_0001
Ben_Braun Ben_Braun_0001
Ben_Chandler Ben_Chandler_0001
Ben_Lee Ben_Lee_0001
Ben_Wallace Ben_Wallace_0001
Benjamin_Bratt Benjamin_Bratt_0001
Bernard_Law Bernard_Law_0001
Bernard_Law Bernard_Law_0002
Bernard_Law Bernard_Law_0003
Bernard_Law Bernard_Law_0005
Bernard_Lord Bernard_Lord_0002
Bernardo_Segura Bernardo_Segura_0001
Bernardo_Segura Bernardo_Segura_0002
Beth_Jones Beth_Jones_0001
Beth_Jones Beth_Jones_0002
Betty_Garrison Betty_Garrison_0001
Bijan_Darvish Bijan_Darvish_0001
Bijan_Darvish Bijan_Darvish_0003
Bijan_Namdar_Zangeneh Bijan_Namdar_Zangeneh_0001
Bijan_Namdar_Zangeneh Bijan_Namdar_Zangeneh_0002
Bill_Belichick Bill_Belichick_0001
Bill_Belichick Bill_Belichick_0002
Bill_Bradley Bill_Bradley_0001
Bill_Parcells Bill_Parcells_0002
Bill_Richardson Bill_Richardson_0001
Bill_Simon Bill_Simon_0004
Bill_Simon Bill_Simon_0005
Bill_Simon Bill_Simon_0013
Bill_Simon Bill_Simon_0015
Billy_Graham Billy_Graham_0001
Billy_Graham Billy_Graham_0002
Binyamin_Ben-Eliezer Binyamin_Ben-Eliezer_0002
Binyamin_Ben-Eliezer Binyamin_Ben-Eliezer_0003
Binyamin_Ben-Eliezer Binyamin_Ben-Eliezer_0005
Binyamin_Ben-Eliezer Binyamin_Ben-Eliezer_0006
Binyamin_Ben-Eliezer Binyamin_Ben-Eliezer_0007
Bo_Ryan Bo_Ryan_0001
Bo_Ryan Bo_Ryan_0002
Bob_Alper Bob_Alper_0001
Bob_Beauprez Bob_Beauprez_0001
Bob_Beauprez Bob_Beauprez_0002
Bob_Bowlsby Bob_Bowlsby_0001
Bob_Geldof Bob_Geldof_0001
Bob_Geldof Bob_Geldof_0002
Bob_Huggins Bob_Huggins_0001
Bob_Huggins Bob_Huggins_0002
Boris_Becker Boris_Becker_0002
Boris_Henry Boris_Henry_0001
Brad_Brownell Brad_Brownell_0001
Brad_Gushue Brad_Gushue_0001
Brad_Johnson Brad_Johnson_0003
Brad_Wilk Brad_Wilk_0001
Brandon_Hammond Brandon_Hammond_0001
Brendan_Stai Brendan_Stai_0001
Brian_Grazier Brian_Grazier_0001
Brian_Gregory Brian_Gregory_0001
Brian_Pavlich Brian_Pavlich_0001
Brian_Schneider Brian_Schneider_0001
Brian_Van_Dusen Brian_Van_Dusen_0001
Brittany_Snow Brittany_Snow_0001
Brooke_Gordon Brooke_Gordon_0001
Brooke_Shields Brooke_Shields_0001
Brooke_Shields Brooke_Shields_0002
Bruce_Springsteen Bruce_Springsteen_0002
Bruce_Van_De_Velde Bruce_Van_De_Velde_0001
Bruce_Van_De_Velde Bruce_Van_De_Velde_0002
Bruce_Weber Bruce_Weber_0001
Bruce_Weber Bruce_Weber_0002
Buzz_Hargrove Buzz_Hargrove_0001
Cabas Cabas_0001
Cameron_Diaz Cameron_Diaz_0001
Cameron_Diaz Cameron_Diaz_0003
Cameron_Diaz Cameron_Diaz_0004
Camryn_Manheim Camryn_Manheim_0001
Carin_Koch Carin_Koch_0001
Carlos_Alberto_Parreira Carlos_Alberto_Parreira_0001
Carlos_Barra Carlos_Barra_0001
Carlos_Menem Carlos_Menem_0001
Carlos_Menem Carlos_Menem_0003
Carlos_Menem Carlos_Menem_0006
Carlos_Menem Carlos_Menem_0012
Carlos_Paternina Carlos_Paternina_0001
Carlos_Queiroz Carlos_Queiroz_0001
Carlos_Ruiz Carlos_Ruiz_0001
Carlos_Ruiz Carlos_Ruiz_0002
Carlos_Ruiz Carlos_Ruiz_0003
Carlos_Salinas Carlos_Salinas_0001
Carlos_Vives Carlos_Vives_0001
Carlos_Vives Carlos_Vives_0002
Carlos_Vives Carlos_Vives_0003
Carly_Fiorina Carly_Fiorina_0001
Carly_Fiorina Carly_Fiorina_0002
Carly_Fiorina Carly_Fiorina_0003
Carolina_Kluft Carolina_Kluft_0001
Carolina_Kluft Carolina_Kluft_0003
Caroline_Kennedy Caroline_Kennedy_0001
Caroline_Kennedy Caroline_Kennedy_0003
Carson_Palmer Carson_Palmer_0002
Carson_Palmer Carson_Palmer_0004
Cate_Blanchett Cate_Blanchett_0002
Cate_Blanchett Cate_Blanchett_0003
Cate_Blanchett Cate_Blanchett_0004
Catherine_Deneuve Catherine_Deneuve_0002
Catherine_Deneuve Catherine_Deneuve_0005
Cathryn_Crawford Cathryn_Crawford_0001
Catriona_Le_May_Doan Catriona_Le_May_Doan_0001
Cesar_Gaviria Cesar_Gaviria_0002
Cesar_Gaviria Cesar_Gaviria_0004
Cesar_Gaviria Cesar_Gaviria_0005
Cesar_Gaviria Cesar_Gaviria_0006
Cesar_Gaviria Cesar_Gaviria_0007
Cesar_Gaviria Cesar_Gaviria_0008
Chadha_Gurinder Chadha_Gurinder_0001
Chakib_Khelil Chakib_Khelil_0001
Chan_Choi Chan_Choi_0001
Charles_Chandler_IV Charles_Chandler_IV_0001
Charles_Grassley Charles_Grassley_0001
Charles_Grassley Charles_Grassley_0002
Charles_Lebois Charles_Lebois_0001
Charles_Moose Charles_Moose_0001
Charles_Moose Charles_Moose_0003
Charles_Moose Charles_Moose_0004
Charles_Moose Charles_Moose_0010
Charles_Moose Charles_Moose_0011
Charles_Schumer Charles_Schumer_0001
Charles_Schumer Charles_Schumer_0002
Charlotte_Rampling Charlotte_Rampling_0001
Charlotte_Rampling Charlotte_Rampling_0002
Cheryl_Tiegs Cheryl_Tiegs_0001
Chip_Knight Chip_Knight_0001
Choi_Sung-hong Choi_Sung-hong_0001
Choi_Sung-hong Choi_Sung-hong_0003
Choi_Sung-hong Choi_Sung-hong_0004
Chris_Neil Chris_Neil_0001
Chris_Reitsma Chris_Reitsma_0001
Chris_Tucker Chris_Tucker_0001
Chris_Tucker Chris_Tucker_0002
Christian_Lirette Christian_Lirette_0001
Christian_Malcolm Christian_Malcolm_0001
Christopher_Conyers Christopher_Conyers_0001
Christopher_Patten Christopher_Patten_0001
Christopher_Patten Christopher_Patten_0002
Christopher_Walken Christopher_Walken_0001
Christopher_Walken Christopher_Walken_0002
Christopher_Walken Christopher_Walken_0004
Chuck_Yeager Chuck_Yeager_0001
Chuck_Yeager Chuck_Yeager_0002
Cindy_Klassen Cindy_Klassen_0001
Cindy_Margolis Cindy_Margolis_0001
Cindy_Margolis Cindy_Margolis_0002
Cindy_Moll Cindy_Moll_0001
Cindy_Zagorski Cindy_Zagorski_0001
Ciro_Gomes Ciro_Gomes_0002
Ciro_Gomes Ciro_Gomes_0003
Ciro_Gomes Ciro_Gomes_0004
Claire_Hentzen Claire_Hentzen_0001
Claire_Hentzen Claire_Hentzen_0002
Clara_Harris Clara_Harris_0001
Clara_Harris Clara_Harris_0002
Clara_Harris Clara_Harris_0004
Claudia_Schiffer Claudia_Schiffer_0001
Claudia_Schiffer Claudia_Schiffer_0003
Claudine_Farrell Claudine_Farrell_0001
Cliff_Ellis Cliff_Ellis_0001
Clifford_Robinson Clifford_Robinson_0001
Clive_Lloyd Clive_Lloyd_0001
Cole_Chapman Cole_Chapman_0001
Colin_Phillips Colin_Phillips_0001
Colleen_Donovan Colleen_Donovan_0001
Conan_OBrien Conan_OBrien_0001
Conan_OBrien Conan_OBrien_0002
Constance_Marie Constance_Marie_0002
Constance_Marie Constance_Marie_0003
Coretta_Scott_King Coretta_Scott_King_0001
Coretta_Scott_King Coretta_Scott_King_0002
Coretta_Scott_King Coretta_Scott_King_0003
Corinne_Coman Corinne_Coman_0001
Corinne_Coman Corinne_Coman_0002
Crispin_Glover Crispin_Glover_0001
Cristian_Barros Cristian_Barros_0001
Cristiano_da_Matta Cristiano_da_Matta_0001
Cuba_Gooding_Jr Cuba_Gooding_Jr_0001
Curt_Weldon Curt_Weldon_0001
DAngelo_Jimenez DAngelo_Jimenez_0001
Dale_Bosworth Dale_Bosworth_0001
Dale_Earnhardt_Jr Dale_Earnhardt_Jr_0001
Dale_Earnhardt_Jr Dale_Earnhardt_Jr_0002
Dale_Earnhardt_Jr Dale_Earnhardt_Jr_0003
Damon_van_Dam Damon_van_Dam_0001
Damon_van_Dam Damon_van_Dam_0002
Dan_Boyle Dan_Boyle_0001
Dan_Duquette Dan_Duquette_0001
Dan_Morales Dan_Morales_0001
Dan_Morales Dan_Morales_0002
Dan_Morales Dan_Morales_0003
Dan_Quayle Dan_Quayle_0001
Dana_Vollmer Dana_Vollmer_0001
Daniel_Chin Daniel_Chin_0001
Daniel_Day-Lewis Daniel_Day-Lewis_0001
Daniel_Day-Lewis Daniel_Day-Lewis_0002
Daniel_Day-Lewis Daniel_Day-Lewis_0003
Daniel_Rouse Daniel_Rouse_0001
Darko_Milicic Darko_Milicic_0001
Darrell_Porter Darrell_Porter_0001
Darrell_Porter Darrell_Porter_0002
Dave_Matthews Dave_Matthews_0001
Dave_McNally Dave_McNally_0001
Dave_Tucker Dave_Tucker_0001
Dave_Williams Dave_Williams_0001
David_Anderson David_Anderson_0001
David_Anderson David_Anderson_0002
David_Anderson David_Anderson_0004
David_Anderson David_Anderson_0005
David_Ballantyne David_Ballantyne_0001
David_Beckham David_Beckham_0004
David_Beckham David_Beckham_0005
David_Beckham David_Beckham_0008
David_Beckham David_Beckham_0010
David_Beckham David_Beckham_0017
David_Beckham David_Beckham_0024
David_Canary David_Canary_0001
David_Caruso David_Caruso_0001
David_Caruso David_Caruso_0002
David_Coulthard David_Coulthard_0001
David_Coulthard David_Coulthard_0002
David_Dewhurst David_Dewhurst_0001
David_Dodge David_Dodge_0001
David_Dodge David_Dodge_0002
David_Gest David_Gest_0001
David_Hilt David_Hilt_0001
David_Hyde_Pierce David_Hyde_Pierce_0003
David_Hyde_Pierce David_Hyde_Pierce_0004
David_Nalbandian David_Nalbandian_0004
David_Nalbandian David_Nalbandian_0009
David_Nalbandian David_Nalbandian_0013
David_Sibleyk David_Sibleyk_0001
David_Spade David_Spade_0001
David_Spade David_Spade_0002
David_Suazo David_Suazo_0001
David_Wells David_Wells_0001
David_Wells David_Wells_0002
David_Wells David_Wells_0005
David_Wells David_Wells_0007
Dean_Barkley Dean_Barkley_0001
Dean_Barkley Dean_Barkley_0002
Dean_Barkley Dean_Barkley_0003
Dean_Barkley Dean_Barkley_0004
Debbie_Reynolds Debbie_Reynolds_0001
Debbie_Reynolds Debbie_Reynolds_0003
Debra_Brown Debra_Brown_0001
Debra_Brown Debra_Brown_0002
Debra_Yang Debra_Yang_0001
Deena_Burnett Deena_Burnett_0001
Denise_Locke Denise_Locke_0001
Dennis_Kucinich Dennis_Kucinich_0002
Dennis_Kucinich Dennis_Kucinich_0005
Dennis_Kucinich Dennis_Kucinich_0006
Dennis_Kucinich Dennis_Kucinich_0007
Dennis_Oswald Dennis_Oswald_0001
Dereck_Whittenburg Dereck_Whittenburg_0001
Desiree_Lemosi Desiree_Lemosi_0001
Desiree_Lemosi Desiree_Lemosi_0002
Diana_Silvius Diana_Silvius_0001
Diana_Taurasi Diana_Taurasi_0002
Dick_Cheney Dick_Cheney_0001
Dick_Cheney Dick_Cheney_0011
Dick_Cheney Dick_Cheney_0014
Dick_Smothers Dick_Smothers_0001
Dimitar_Berbatov Dimitar_Berbatov_0001
Dionyssis_Georgiadis Dionyssis_Georgiadis_0001
Dita_Von_Tesse Dita_Von_Tesse_0001
Doc_Rivers Doc_Rivers_0001
Dolly_Parton Dolly_Parton_0001
Dolly_Parton Dolly_Parton_0002
Donald_Evans Donald_Evans_0001
Donald_Evans Donald_Evans_0002
Donald_Hays Donald_Hays_0001
Donna_Ralston Donna_Ralston_0001
Donny_Osmond Donny_Osmond_0001
Doris_Roberts Doris_Roberts_0001
Doris_Roberts Doris_Roberts_0002
Drew_Barrymore Drew_Barrymore_0001
Drew_Barrymore Drew_Barrymore_0002
Duane_Lee_Chapman Duane_Lee_Chapman_0001
Duane_Lee_Chapman Duane_Lee_Chapman_0002
Duncan_Fletcher Duncan_Fletcher_0001
Dwayne_Johnson Dwayne_Johnson_0001
Dwayne_Johnson Dwayne_Johnson_0002
Dwayne_Wade Dwayne_Wade_0001
Earl_Campbell Earl_Campbell_0001
Ed_Smart Ed_Smart_0003
Eddie_Fenech_Adami Eddie_Fenech_Adami_0001
Eddie_Lewis Eddie_Lewis_0001
Eddy_Merckx Eddy_Merckx_0001
Eddy_Merckx Eddy_Merckx_0002
Edmund_Stoiber Edmund_Stoiber_0002
Edmund_Stoiber Edmund_Stoiber_0003
Edmund_Stoiber Edmund_Stoiber_0005
Eduard_Shevardnadze Eduard_Shevardnadze_0001
Eduard_Shevardnadze Eduard_Shevardnadze_0003
Eduard_Shevardnadze Eduard_Shevardnadze_0004
Eduardo_Chillida Eduardo_Chillida_0001
Edward_Burns Edward_Burns_0001
Edward_Kennedy Edward_Kennedy_0001
Edward_Kennedy Edward_Kennedy_0002
Edward_Said Edward_Said_0001
Edward_Said Edward_Said_0002
Eglis_Yaima_Cruz Eglis_Yaima_Cruz_0001
Eileen_Spina Eileen_Spina_0001
Ekke_Hard_Forberg Ekke_Hard_Forberg_0001
Elena_Bereznaya Elena_Bereznaya_0001
Elizabeth_Shue Elizabeth_Shue_0001
Elizabeth_Shue Elizabeth_Shue_0002
Elizabeth_Taylor Elizabeth_Taylor_0001
Ellen_Engleman Ellen_Engleman_0001
Elodie_Bouchez Elodie_Bouchez_0001
Emanuel_Ginobili Emanuel_Ginobili_0001
Emanuel_Ginobili Emanuel_Ginobili_0002
Emanuel_Ginobili Emanuel_Ginobili_0004
Emanuel_Ginobili Emanuel_Ginobili_0005
Emile_Lahoud Emile_Lahoud_0001
Emile_Lahoud Emile_Lahoud_0002
Emily_Mortimer Emily_Mortimer_0001
Emily_Robison Emily_Robison_0001
Emily_Robison Emily_Robison_0002
Emmanuel_Milingo Emmanuel_Milingo_0001
Emmanuelle_Beart Emmanuelle_Beart_0001
Emmanuelle_Beart Emmanuelle_Beart_0002
Emmanuelle_Beart Emmanuelle_Beart_0003
Emmanuelle_Jagodsinski Emmanuelle_Jagodsinski_0001
Emmy_Rossum Emmy_Rossum_0001
Enrique_Bolanos Enrique_Bolanos_0001
Enrique_Bolanos Enrique_Bolanos_0002
Enrique_Bolanos Enrique_Bolanos_0004
Enrique_Bolanos Enrique_Bolanos_0005
Enrique_Medina_Gomez Enrique_Medina_Gomez_0001
Eric_Christian_Olsen Eric_Christian_Olsen_0001
Eric_Lloyd Eric_Lloyd_0001
Eric_Robert_Rudolph Eric_Robert_Rudolph_0001
Eric_Rosser Eric_Rosser_0001
Eric_Rosser Eric_Rosser_0002
Eric_Taino Eric_Taino_0001
Erin_Brockovich Erin_Brockovich_0001
Erskine_Bowles Erskine_Bowles_0001
Estella_Warren Estella_Warren_0001
Eunice_Barber Eunice_Barber_0001
Eunice_Barber Eunice_Barber_0002
Eva_Dimas Eva_Dimas_0001
Eva_Dimas Eva_Dimas_0002
Evander_Holyfield Evander_Holyfield_0001
Evander_Holyfield Evander_Holyfield_0002
Farida_Ragoonanan Farida_Ragoonanan_0001
Farouk_al-Sharaa Farouk_al-Sharaa_0001
Farouk_al-Sharaa Farouk_al-Sharaa_0002
Farouk_al-Sharaa Farouk_al-Sharaa_0003
Federico_Trillo Federico_Trillo_0001
Federico_Trillo Federico_Trillo_0003
Fernando_Gonzalez Fernando_Gonzalez_0002
Fernando_Gonzalez Fernando_Gonzalez_0004
Fernando_Gonzalez Fernando_Gonzalez_0006
Fernando_Gonzalez Fernando_Gonzalez_0007
Fernando_Henrique_Cardoso Fernando_Henrique_Cardoso_0001
Fernando_Henrique_Cardoso Fernando_Henrique_Cardoso_0003
Fernando_Henrique_Cardoso Fernando_Henrique_Cardoso_0005
Fernando_Hierro Fernando_Hierro_0001
Filippo_Volandri Filippo_Volandri_0001
Flavia_Delaroli Flavia_Delaroli_0001
Flavia_Delaroli Flavia_Delaroli_0002
Florencia_Kirchner Florencia_Kirchner_0001
Francis_Ford_Coppola Francis_Ford_Coppola_0001
Francis_Ford_Coppola Francis_Ford_Coppola_0002
Francis_George Francis_George_0001
Francis_Mer Francis_Mer_0001
Francisco_Flores Francisco_Flores_0003
Francisco_Flores Francisco_Flores_0004
Francois_Botha Francois_Botha_0001
Frank_Coraci Frank_Coraci_0001
Frank_Hilldrup Frank_Hilldrup_0001
Frank_Solich Frank_Solich_0001
Frank_Solich Frank_Solich_0002
Frank_Solich Frank_Solich_0003
Frank_Solich Frank_Solich_0004
Frank_Solich Frank_Solich_0005
Franz_Muentefering Franz_Muentefering_0001
Franz_Muentefering Franz_Muentefering_0002
Franz_Muentefering Franz_Muentefering_0003
Franz_Muentefering Franz_Muentefering_0004
Fred_Eckhard Fred_Eckhard_0002
Fred_Huff Fred_Huff_0001
Freda_Black Freda_Black_0001
Gabriel_Valdes Gabriel_Valdes_0001
Gabriel_Valdes Gabriel_Valdes_0002
Garry_Alejano Garry_Alejano_0001
Garry_Kasparov Garry_Kasparov_0001
Garry_Kasparov Garry_Kasparov_0002
Gary_Bald Gary_Bald_0001
Gary_Condit Gary_Condit_0001
Gary_Forsee Gary_Forsee_0001
Gary_Forsee Gary_Forsee_0002
Geno_Auriemma Geno_Auriemma_0001
Geoff_Dixon Geoff_Dixon_0001
George_Clooney George_Clooney_0002
George_Clooney George_Clooney_0003
George_Clooney George_Clooney_0005
George_Clooney George_Clooney_0007
George_Clooney George_Clooney_0008
George_Clooney George_Clooney_0009
George_Galloway George_Galloway_0001
George_Galloway George_Galloway_0004
George_Gregan George_Gregan_0001
George_HW_Bush George_HW_Bush_0001
George_HW_Bush George_HW_Bush_0003
George_HW_Bush George_HW_Bush_0005
George_HW_Bush George_HW_Bush_0009
George_HW_Bush George_HW_Bush_0010
George_HW_Bush George_HW_Bush_0013
George_Lopez George_Lopez_0001
George_Lopez George_Lopez_0004
George_Pataki George_Pataki_0001
George_Pataki George_Pataki_0002
George_Pataki George_Pataki_0005
George_Roy_Hill George_Roy_Hill_0001
George_Roy_Hill George_Roy_Hill_0002
George_Voinovich George_Voinovich_0001
George_Voinovich George_Voinovich_0002
George_Voinovich George_Voinovich_0003
George_W_Bush George_W_Bush_0353
George_W_Bush George_W_Bush_0407
Gerald_Ford Gerald_Ford_0001
Geraldo_Rivera Geraldo_Rivera_0001
Gerard_Butler Gerard_Butler_0001
Gerry_Parsky Gerry_Parsky_0001
Gerry_Parsky Gerry_Parsky_0002
Gian_Marco Gian_Marco_0002
Gian_Marco Gian_Marco_0003
Gianna_Angelopoulos-Daskalaki Gianna_Angelopoulos-Daskalaki_0001
Gil_de_Ferran Gil_de_Ferran_0002
Gil_de_Ferran Gil_de_Ferran_0003
Gilberto_Simoni Gilberto_Simoni_0001
Gilles_Panizzi Gilles_Panizzi_0001
Gillian_Anderson Gillian_Anderson_0001
Gina_Torres Gina_Torres_0001
Gisele_Bundchen Gisele_Bundchen_0001
Gisele_Bundchen Gisele_Bundchen_0002
Gloria_Allred Gloria_Allred_0001
Gloria_Allred Gloria_Allred_0002
Gloria_Trevi Gloria_Trevi_0001
Gloria_Trevi Gloria_Trevi_0002
Gloria_Trevi Gloria_Trevi_0003
Gloria_Trevi Gloria_Trevi_0004
Goldie_Hawn Goldie_Hawn_0002
Goldie_Hawn Goldie_Hawn_0006
Gonzalo_Barrientos Gonzalo_Barrientos_0001
Gonzalo_Sanchez_de_Lozada Gonzalo_Sanchez_de_Lozada_0003
Gonzalo_Sanchez_de_Lozada Gonzalo_Sanchez_de_Lozada_0004
Gonzalo_Sanchez_de_Lozada Gonzalo_Sanchez_de_Lozada_0007
Gonzalo_Sanchez_de_Lozada Gonzalo_Sanchez_de_Lozada_0008
Gonzalo_Sanchez_de_Lozada Gonzalo_Sanchez_de_Lozada_0010
Goran_Persson Goran_Persson_0001
Goran_Persson Goran_Persson_0002
Gordana_Grubin Gordana_Grubin_0001
Gordon_Cooper Gordon_Cooper_0001
Grady_Little Grady_Little_0001
Graeme_Smith Graeme_Smith_0001
Graham_Bentley Graham_Bentley_0001
Greg_Owen Greg_Owen_0001
Gregg_Berhalter Gregg_Berhalter_0001
Gregg_Popovich Gregg_Popovich_0003
Gregg_Popovich Gregg_Popovich_0004
Gregorio_Rosal Gregorio_Rosal_0001
Guennadi_Chipouline Guennadi_Chipouline_0001
Guido_Westerwelle Guido_Westerwelle_0002
Guillaume_Depardieu Guillaume_Depardieu_0001
Guillermo_Coria Guillermo_Coria_0019
Guillermo_Coria Guillermo_Coria_0027
Guillermo_Coria Guillermo_Coria_0029
Guus_Hiddink Guus_Hiddink_0001
Habib_Rizieq Habib_Rizieq_0001
Habib_Rizieq Habib_Rizieq_0004
Habib_Rizieq Habib_Rizieq_0005
Hadley_Bilger Hadley_Bilger_0001
Hal_Gehman Hal_Gehman_0001
Hal_Gehman Hal_Gehman_0003
Hal_Sutton Hal_Sutton_0002
Halle_Berry Halle_Berry_0007
Halle_Berry Halle_Berry_0010
Halle_Berry Halle_Berry_0014
Halle_Berry Halle_Berry_0016
Ham_Pong-sil Ham_Pong-sil_0001
Hama_Arba_Diallo Hama_Arba_Diallo_0001
Hamad_Bin_Jassim Hamad_Bin_Jassim_0001
Hamid_Efendi Hamid_Efendi_0001
Hamid_Karzai Hamid_Karzai_0001
Hamid_Karzai Hamid_Karzai_0002
Hamzah_Haz Hamzah_Haz_0001
Hamzah_Haz Hamzah_Haz_0002
Hans_Blix Hans_Blix_0003
Hans_Blix Hans_Blix_0006
Hans_Blix Hans_Blix_0014
Hans_Blix Hans_Blix_0027
Hans_Blix Hans_Blix_0036
Harrison_Ford Harrison_Ford_0007
Hashim_Thaci Hashim_Thaci_0001
Hashim_Thaci Hashim_Thaci_0002
Hassanal_Bolkiah Hassanal_Bolkiah_0001
Heather_Willson Heather_Willson_0001
Hedayat_Amin_Arsala Hedayat_Amin_Arsala_0001
Helmut_Panke Helmut_Panke_0001
Helo_Pinheiro Helo_Pinheiro_0001
Henrique_Meirelles Henrique_Meirelles_0001
Henrique_Meirelles Henrique_Meirelles_0002
Herb_Ritts Herb_Ritts_0001
Hermes_Gamonal Hermes_Gamonal_0001
Herta_Daeubler-Gmelin Herta_Daeubler-Gmelin_0001
Herta_Daeubler-Gmelin Herta_Daeubler-Gmelin_0002
Hilary_Duff Hilary_Duff_0001
Hilary_Duff Hilary_Duff_0002
Hilary_Duff Hilary_Duff_0003
Hillary_Clinton Hillary_Clinton_0001
Hillary_Clinton Hillary_Clinton_0002
Hillary_Clinton Hillary_Clinton_0003
Hillary_Clinton Hillary_Clinton_0008
Hillary_Clinton Hillary_Clinton_0014
Hilmi_Ozkok Hilmi_Ozkok_0001
Hilmi_Ozkok Hilmi_Ozkok_0002
Hipolito_Mejia Hipolito_Mejia_0001
Hipolito_Mejia Hipolito_Mejia_0003
Hiroki_Gomi Hiroki_Gomi_0001
Hisao_Oguchi Hisao_Oguchi_0001
Hisao_Oguchi Hisao_Oguchi_0002
Hitoshi_Tanaka Hitoshi_Tanaka_0001
Holly_Hunter Holly_Hunter_0002
Holly_Hunter Holly_Hunter_0003
Holly_Hunter Holly_Hunter_0004
Holly_Hunter Holly_Hunter_0005
Holly_Hunter Holly_Hunter_0007
Holly_Robinson_Peete Holly_Robinson_Peete_0001
Hootie_Johnson Hootie_Johnson_0001
Hootie_Johnson Hootie_Johnson_0002
Humberto_Coelho Humberto_Coelho_0001
Hung_Wan-ting Hung_Wan-ting_0001
Iain_Anderson Iain_Anderson_0001
Ian_Wilmut Ian_Wilmut_0001
Ibrahim_Jaafari Ibrahim_Jaafari_0001
Ibrahim_Jaafari Ibrahim_Jaafari_0002
Ibrahim_Rugova Ibrahim_Rugova_0001
Igor_Ivanov Igor_Ivanov_0005
Igor_Ivanov Igor_Ivanov_0016
Igor_Trunov Igor_Trunov_0001
Ilan_Ramon Ilan_Ramon_0001
Ilan_Ramon Ilan_Ramon_0003
Inam-ul-Haq Inam-ul-Haq_0001
Inam-ul-Haq Inam-ul-Haq_0002
Inga_Hall Inga_Hall_0001
Intisar_Ajouri Intisar_Ajouri_0001
Intisar_Ajouri Intisar_Ajouri_0002
Intisar_Ajouri Intisar_Ajouri_0003
Ira_Einhorn Ira_Einhorn_0001
Jack_LaLanne Jack_LaLanne_0001
Jack_Straw Jack_Straw_0004
Jack_Straw Jack_Straw_0022
Jacqueline_Obradors Jacqueline_Obradors_0001
Jacqueline_Obradors Jacqueline_Obradors_0002
Jade_Jagger Jade_Jagger_0001
Jafar_Umar_Thalib Jafar_Umar_Thalib_0001
Jakob_Kellenberger Jakob_Kellenberger_0001
James_Baker James_Baker_0001
James_Ballenger James_Ballenger_0001
James_Barksdale James_Barksdale_0001
James_Jones James_Jones_0001
James_Jones James_Jones_0002
James_Parker James_Parker_0001
James_Parker James_Parker_0002
James_Roberts James_Roberts_0001
Jan-Michael_Gambill Jan-Michael_Gambill_0001
Jan-Michael_Gambill Jan-Michael_Gambill_0003
Jane_Russell Jane_Russell_0001
Janet_Leigh Janet_Leigh_0001
Jaouad_Gharib Jaouad_Gharib_0001
Jason_Bentley Jason_Bentley_0001
Jason_Kidd Jason_Kidd_0001
Jason_Kidd Jason_Kidd_0004
Jason_Kidd Jason_Kidd_0005
Jason_Kidd Jason_Kidd_0006
Jason_Kidd Jason_Kidd_0009
Jason_Kidd Jason_Kidd_0010
Jason_Vale Jason_Vale_0001
Jean-Claude_Braquet Jean-Claude_Braquet_0001
Jean-Claude_Braquet Jean-Claude_Braquet_0002
Jean-David_Levitte Jean-David_Levitte_0003
Jean-David_Levitte Jean-David_Levitte_0004
Jean-David_Levitte Jean-David_Levitte_0006
Jean-David_Levitte Jean-David_Levitte_0007
Jean-David_Levitte Jean-David_Levitte_0008
Jean-David_Levitte Jean-David_Levitte_0010
Jean-Francois_Pontal Jean-Francois_Pontal_0001
Jean-Francois_Pontal Jean-Francois_Pontal_0003
Jean_Chretien Jean_Chretien_0003
Jean_Chretien Jean_Chretien_0008
Jean_Chretien Jean_Chretien_0022
Jean_Chretien Jean_Chretien_0030
Jean_Chretien Jean_Chretien_0031
Jean_Chretien Jean_Chretien_0050
Jeanette_Stauffer Jeanette_Stauffer_0001
Jeanne_Moreau Jeanne_Moreau_0001
Jeanne_Moreau Jeanne_Moreau_0002
Jeb_Bush Jeb_Bush_0004
Jeb_Bush Jeb_Bush_0012
Jeff_Bzdelik Jeff_Bzdelik_0001
Jeff_Schiffner Jeff_Schiffner_0001
Jeff_Van_Gundy Jeff_Van_Gundy_0001
Jeff_Van_Gundy Jeff_Van_Gundy_0003
Jeff_Weaver Jeff_Weaver_0001
Jeffrey_Archer Jeffrey_Archer_0001
Jeffrey_Archer Jeffrey_Archer_0002
Jeffrey_Scott_Postell Jeffrey_Scott_Postell_0001
Jen_Schefft Jen_Schefft_0001
Jennifer_Aniston Jennifer_Aniston_0005
Jennifer_Aniston Jennifer_Aniston_0013
Jerry_Regier Jerry_Regier_0002
Jerry_Regier Jerry_Regier_0003
Jerry_Sloan Jerry_Sloan_0001
Jessica_Alba Jessica_Alba_0002
Jessica_Lynch Jessica_Lynch_0001
Jessica_Lynch Jessica_Lynch_0002
Jia_Qinglin Jia_Qinglin_0001
Jia_Qinglin Jia_Qinglin_0002
Jim_Carrey Jim_Carrey_0002
Jim_Carrey Jim_Carrey_0003
Jim_Furyk Jim_Furyk_0001
Jim_Furyk Jim_Furyk_0006
Jim_Greenwood Jim_Greenwood_0001
Jim_Thome Jim_Thome_0001
Jim_Wong Jim_Wong_0001
Jimmy_Jimenez Jimmy_Jimenez_0001
Jimmy_Smits Jimmy_Smits_0001
Jo_Dee_Messina Jo_Dee_Messina_0001
Jo_Dee_Messina Jo_Dee_Messina_0002
Joan_Dangerfield Joan_Dangerfield_0001
Joan_Laporta Joan_Laporta_0002
Joan_Laporta Joan_Laporta_0007
Job_Cohen Job_Cohen_0001
Job_Cohen Job_Cohen_0002
Joe_Calzaghe Joe_Calzaghe_0001
Joe_Calzaghe Joe_Calzaghe_0002
Joe_Dumars Joe_Dumars_0001
Joe_Dumars Joe_Dumars_0002
Joe_Lieberman Joe_Lieberman_0011
John_Abizaid John_Abizaid_0003
John_Abizaid John_Abizaid_0009
John_Ashcroft John_Ashcroft_0018
John_Ashcroft John_Ashcroft_0021
John_Ashcroft John_Ashcroft_0025
John_Ashcroft John_Ashcroft_0027
John_Ashcroft John_Ashcroft_0035
John_Ashcroft John_Ashcroft_0053
John_Bond John_Bond_0001
John_Brady John_Brady_0001
John_Daly_Jr John_Daly_Jr_0001
John_Kerry John_Kerry_0001
John_Kerry John_Kerry_0002
John_Kerry John_Kerry_0005
John_Kerry John_Kerry_0014
John_McCormack John_McCormack_0001
John_McCormack John_McCormack_0002
John_Paul_II John_Paul_II_0003
John_Paul_II John_Paul_II_0010
John_Paul_II John_Paul_II_0011
John_Perrota John_Perrota_0001
John_Reilly John_Reilly_0001
John_Rosa John_Rosa_0002
John_Ruiz John_Ruiz_0001
John_Ruiz John_Ruiz_0002
John_Snow John_Snow_0004
John_Snow John_Snow_0008
John_Snow John_Snow_0014
John_Snow John_Snow_0016
John_Snow John_Snow_0017
John_Spencer John_Spencer_0002
John_Starks John_Starks_0001
John_Sweeney John_Sweeney_0001
John_Swofford John_Swofford_0001
John_Swofford John_Swofford_0003
Johnny_Benson Johnny_Benson_0001
Johnny_Tapia Johnny_Tapia_0001
Johnny_Tapia Johnny_Tapia_0003
Jon_Gruden Jon_Gruden_0002
Jon_Gruden Jon_Gruden_0007
Jon_Stewart Jon_Stewart_0001
Jonathan_Mostow Jonathan_Mostow_0001
Jonathan_Mostow Jonathan_Mostow_0002
Jorge_Alberto_Galindo Jorge_Alberto_Galindo_0001
Joschka_Fischer Joschka_Fischer_0014
Joschka_Fischer Joschka_Fischer_0015
Jose_Canseco Jose_Canseco_0001
Jose_Lopez_Beltran Jose_Lopez_Beltran_0001
Jose_Manuel_Durao_Barroso Jose_Manuel_Durao_Barroso_0001
Jose_Manuel_Durao_Barroso Jose_Manuel_Durao_Barroso_0005
Jose_Maria_Aznar Jose_Maria_Aznar_0004
Jose_Maria_Aznar Jose_Maria_Aznar_0018
Jose_Maria_Aznar Jose_Maria_Aznar_0020
Jose_Maria_Aznar Jose_Maria_Aznar_0022
Jose_Miguel_Aleman Jose_Miguel_Aleman_0001
Jose_Santos Jose_Santos_0001
Jose_Sarney Jose_Sarney_0001
Jose_Sarney Jose_Sarney_0002
Jose_Viegas_Filho Jose_Viegas_Filho_0001
Jose_Woldenberg Jose_Woldenberg_0001
Joseph_Biden Joseph_Biden_0001
Joseph_Biden Joseph_Biden_0002
Joseph_Biden Joseph_Biden_0003
Joseph_Biden Joseph_Biden_0005
Joseph_Kabila Joseph_Kabila_0001
Joy_Bryant Joy_Bryant_0001
Joy_Lee_Sadler Joy_Lee_Sadler_0001
Juan_Antonio_Samaranch Juan_Antonio_Samaranch_0001
Juan_Carlos_Ferrero Juan_Carlos_Ferrero_0002
Juan_Carlos_Ferrero Juan_Carlos_Ferrero_0007
Juan_Carlos_Ferrero Juan_Carlos_Ferrero_0009
Juan_Francisco_Palencia Juan_Francisco_Palencia_0001
Juan_Manuel_Marquez Juan_Manuel_Marquez_0001
Juan_Pablo_Montoya Juan_Pablo_Montoya_0003
Juan_Pablo_Montoya Juan_Pablo_Montoya_0005
Judy_Genshaft Judy_Genshaft_0002
Julia_Tymoshenko Julia_Tymoshenko_0002
Julianne_Moore Julianne_Moore_0006
Julianne_Moore Julianne_Moore_0009
Julianne_Moore Julianne_Moore_0012
Julie_Infante Julie_Infante_0001
Julie_Taymor Julie_Taymor_0002
Juliette_Binoche Juliette_Binoche_0001
Juliette_Lewis Juliette_Lewis_0001
Justin_Guarini Justin_Guarini_0001
Justin_Guarini Justin_Guarini_0002
Justin_Guarini Justin_Guarini_0003
Justine_Pasek Justine_Pasek_0005
Kaio_Almeida Kaio_Almeida_0001
Karen_Lynn_Gorney Karen_Lynn_Gorney_0001
Karen_Pereiras Karen_Pereiras_0001
Kate_Hudson Kate_Hudson_0002
Kate_Hudson Kate_Hudson_0004
Kathleen_Glynn Kathleen_Glynn_0001
Kathleen_Glynn Kathleen_Glynn_0002
Kathy_Baker Kathy_Baker_0001
Katie_Harman Katie_Harman_0001
Katie_Harman Katie_Harman_0002
Katie_Harman Katie_Harman_0003
Keanu_Reeves Keanu_Reeves_0002
Keanu_Reeves Keanu_Reeves_0005
Keanu_Reeves Keanu_Reeves_0006
Keanu_Reeves Keanu_Reeves_0012
Keiko_Sofia_Fujimori Keiko_Sofia_Fujimori_0001
Keith_Rodriguez Keith_Rodriguez_0001
Kelli_White Kelli_White_0001
Kelli_White Kelli_White_0002
Kelly_Osbourne Kelly_Osbourne_0001
Ken_Dorsey Ken_Dorsey_0001
Kenneth_Carlsen Kenneth_Carlsen_0001
Kenny_Brack Kenny_Brack_0001
Kent_McCord Kent_McCord_0001
Kent_Rominger Kent_Rominger_0001
Kent_Rominger Kent_Rominger_0002
Kevin_Keegan Kevin_Keegan_0001
Kevin_Spacey Kevin_Spacey_0001
Kevin_Spacey Kevin_Spacey_0002
Kevin_Spacey Kevin_Spacey_0004
Khin_Nyunt Khin_Nyunt_0001
Kieran_Culkin Kieran_Culkin_0001
Kim_Ryong-sung Kim_Ryong-sung_0003
Kim_Ryong-sung Kim_Ryong-sung_0004
Kim_Ryong-sung Kim_Ryong-sung_0009
Kim_Ryong-sung Kim_Ryong-sung_0010
Kimi_Raikkonen Kimi_Raikkonen_0001
Kimi_Raikkonen Kimi_Raikkonen_0002
Kimi_Raikkonen Kimi_Raikkonen_0003
Kirk_Johnson Kirk_Johnson_0001
Kobe_Bryant Kobe_Bryant_0001
Kobe_Bryant Kobe_Bryant_0003
Kong_Quan Kong_Quan_0001
Kostya_Tszyu Kostya_Tszyu_0001
Kristin_Scott_Thomas Kristin_Scott_Thomas_0001
Kurt_Russell Kurt_Russell_0001
Kurt_Russell Kurt_Russell_0002
Kwame_Kilpatrick Kwame_Kilpatrick_0001
Kwon_Yang-sook Kwon_Yang-sook_0003
Kwon_Young-gil Kwon_Young-gil_0001
Larry_Brown Larry_Brown_0001
Larry_Brown Larry_Brown_0002
Larry_Brown Larry_Brown_0003
Larry_Brown Larry_Brown_0006
Larry_Brown Larry_Brown_0007
Larry_Johnson Larry_Johnson_0001
Larry_Johnson Larry_Johnson_0002
Laura_Schlessinger Laura_Schlessinger_0001
Laurence_Tribe Laurence_Tribe_0001
LeAnn_Rimes LeAnn_Rimes_0001
LeAnn_Rimes LeAnn_Rimes_0002
Leandro_Garcia Leandro_Garcia_0001
Lech_Walesa Lech_Walesa_0001
Lech_Walesa Lech_Walesa_0002
Lee_Hoi-chang Lee_Hoi-chang_0001
Lee_Hoi-chang Lee_Hoi-chang_0003
Lee_Nam-shin Lee_Nam-shin_0001
Lee_Soo-hyuck Lee_Soo-hyuck_0001
Lee_Soo-hyuck Lee_Soo-hyuck_0002
Lee_Tae-sik Lee_Tae-sik_0001
Lee_Yeo-jin Lee_Yeo-jin_0001
Lenny_Wilkens Lenny_Wilkens_0002
Lenny_Wilkens Lenny_Wilkens_0003
Leonard_Hamilton Leonard_Hamilton_0001
Leonard_Hamilton Leonard_Hamilton_0002
Leslie_Caldwell Leslie_Caldwell_0002
Lim_Dong-won Lim_Dong-won_0002
Lin_Yung_Hsi Lin_Yung_Hsi_0001
Linda_Dano Linda_Dano_0001
Linda_Lingle Linda_Lingle_0001
Lindsay_Benko Lindsay_Benko_0002
Lisa_Gottsegen Lisa_Gottsegen_0002
Lisa_Ling Lisa_Ling_0001
Lisa_Ling Lisa_Ling_0002
Lisa_Stansfield Lisa_Stansfield_0001
Lisa_Stone Lisa_Stone_0001
Liu_Mingkang Liu_Mingkang_0001
Liu_Mingkang Liu_Mingkang_0002
Lon_Kruger Lon_Kruger_0001
Lon_Kruger Lon_Kruger_0002
Lonnie_Donegan Lonnie_Donegan_0001
Lope_Mendoza Lope_Mendoza_0001
Lou_Piniella Lou_Piniella_0001
Lou_Piniella Lou_Piniella_0003
Lucia_Kenny_Anthony Lucia_Kenny_Anthony_0001
Lucio_Angulo Lucio_Angulo_0001
Lucio_Cecchinello Lucio_Cecchinello_0001
Luis_Fonsi Luis_Fonsi_0001
Luis_Guzman Luis_Guzman_0001
Luiz_Inacio_Lula_da_Silva Luiz_Inacio_Lula_da_Silva_0012
Luiz_Inacio_Lula_da_Silva Luiz_Inacio_Lula_da_Silva_0017
Luiz_Inacio_Lula_da_Silva Luiz_Inacio_Lula_da_Silva_0025
Luiz_Inacio_Lula_da_Silva Luiz_Inacio_Lula_da_Silva_0033
Luiz_Inacio_Lula_da_Silva Luiz_Inacio_Lula_da_Silva_0042
Luke_Ridnour Luke_Ridnour_0001
Lynne_Thigpen Lynne_Thigpen_0001
MC_Hammer MC_Hammer_0001
Mae_Jemison Mae_Jemison_0001
Maha_Habib Maha_Habib_0001
Mahmoud_Al_Zhar Mahmoud_Al_Zhar_0001
Mahmoud_Diyab_al-Ahmed Mahmoud_Diyab_al-Ahmed_0001
Manfred_Reyes_Villa Manfred_Reyes_Villa_0001
Manuel_Llorente Manuel_Llorente_0001
Manuel_Poggiali Manuel_Poggiali_0001
Manuel_Poggiali Manuel_Poggiali_0002
Marc-Andre_Fleury Marc-Andre_Fleury_0001
Marcelo_Ebrard Marcelo_Ebrard_0002
Marco_Antonio_Barrera Marco_Antonio_Barrera_0002
Marcos_Cafu Marcos_Cafu_0001
Marcos_Milinkovic Marcos_Milinkovic_0001
Marcus_Gronholm Marcus_Gronholm_0002
Maria_Soledad_Alvear_Valenzuela Maria_Soledad_Alvear_Valenzuela_0001
Maria_Soledad_Alvear_Valenzuela Maria_Soledad_Alvear_Valenzuela_0003
Maria_Soledad_Alvear_Valenzuela Maria_Soledad_Alvear_Valenzuela_0005
Marie-Reine_Le_Gougne Marie-Reine_Le_Gougne_0001
Marie-Reine_Le_Gougne Marie-Reine_Le_Gougne_0002
Marilyn_Monroe Marilyn_Monroe_0001
Mario_Vasquez_Rana Mario_Vasquez_Rana_0001
Marion_Barry Marion_Barry_0001
Mark_Geragos Mark_Geragos_0001
Mark_Geragos Mark_Geragos_0002
Mark_Gottfried Mark_Gottfried_0001
Mark_Gottfried Mark_Gottfried_0003
Mark_Hamister Mark_Hamister_0001
Mark_Hamister Mark_Hamister_0002
Mark_Hurlbert Mark_Hurlbert_0002
Mark_Hurlbert Mark_Hurlbert_0004
Mark_Hurlbert Mark_Hurlbert_0005
Mark_Lazarus Mark_Lazarus_0001
Mark_Schweiker Mark_Schweiker_0002
Mark_Swartz Mark_Swartz_0001
Marlene_Weingartner Marlene_Weingartner_0001
Marsha_Sharp Marsha_Sharp_0001
Marsha_Thomason Marsha_Thomason_0001
Martha_Bowen Martha_Bowen_0001
Martha_Bowen Martha_Bowen_0002
Martha_Lucia_Ramirez Martha_Lucia_Ramirez_0002
Martha_Lucia_Ramirez Martha_Lucia_Ramirez_0003
Martha_Sahagun_de_Fox Martha_Sahagun_de_Fox_0001
Martina_Hingis Martina_Hingis_0001
Martina_Hingis Martina_Hingis_0003
Marty_Mornhinweg Marty_Mornhinweg_0002
Marty_Mornhinweg Marty_Mornhinweg_0003
Masja_Juel Masja_Juel_0001
Mathias_Reichhold Mathias_Reichhold_0001
Mathias_Reichhold Mathias_Reichhold_0003
Mathilda_Karel_Spak Mathilda_Karel_Spak_0001
Matt_Damon Matt_Damon_0001
Matt_Damon Matt_Damon_0002
Matt_Damon Matt_Damon_0003
Matthew_Perry Matthew_Perry_0003
Matthew_Perry Matthew_Perry_0005
Matthew_Perry Matthew_Perry_0007
Maureen_Fanning Maureen_Fanning_0001
Maureen_Fanning Maureen_Fanning_0002
Maurice_Strong Maurice_Strong_0001
Max_Biaggi Max_Biaggi_0001
Mehmet_Okur Mehmet_Okur_0001
Mel_Gibson Mel_Gibson_0001
Mel_Gibson Mel_Gibson_0002
Mel_Karmazin Mel_Karmazin_0001
Mercedes_Amor Mercedes_Amor_0001
Michael_Ballack Michael_Ballack_0001
Michael_Ballack Michael_Ballack_0002
Michael_Ballack Michael_Ballack_0003
Michael_Caine Michael_Caine_0001
Michael_Caine Michael_Caine_0002
Michael_Chiklis Michael_Chiklis_0004
Michael_Deutsch Michael_Deutsch_0001
Michael_J_Fox Michael_J_Fox_0001
Michael_Jordan Michael_Jordan_0001
Michael_Jordan Michael_Jordan_0003
Michael_Jordan Michael_Jordan_0004
Michael_Kors Michael_Kors_0001
Michael_Powell Michael_Powell_0002
Michael_Powell Michael_Powell_0004
Michael_Powell Michael_Powell_0005
Michael_Schumacher Michael_Schumacher_0003
Michael_Winterbottom Michael_Winterbottom_0001
Michael_Winterbottom Michael_Winterbottom_0002
Michael_Winterbottom Michael_Winterbottom_0003
Michelle_Branch Michelle_Branch_0002
Mickey_Loomis Mickey_Loomis_0001
Mickey_Sherman Mickey_Sherman_0001
Micky_Arison Micky_Arison_0001
Micky_Ward Micky_Ward_0001
Miguel_Estrada Miguel_Estrada_0001
Mike_Alden Mike_Alden_0001
Mike_Easley Mike_Easley_0001
Mike_Farrar Mike_Farrar_0001
Mike_Holmgren Mike_Holmgren_0001
Mike_Krzyzewski Mike_Krzyzewski_0002
Mike_Miller Mike_Miller_0001
Mike_Miller Mike_Miller_0002
Mike_Myers Mike_Myers_0003
Mike_Myers Mike_Myers_0004
Mike_Myers Mike_Myers_0005
Mike_Myers Mike_Myers_0007
Mike_OConnell Mike_OConnell_0001
Mike_Scioscia Mike_Scioscia_0001
Mike_Scioscia Mike_Scioscia_0002
Mike_Szymanczyk Mike_Szymanczyk_0001
Mike_Tyson Mike_Tyson_0001
Mike_Tyson Mike_Tyson_0003
Mikhail_Kalashnikov Mikhail_Kalashnikov_0001
Mikhail_Khodorkovsky Mikhail_Khodorkovsky_0001
Mikhail_Shvydkoi Mikhail_Shvydkoi_0001
Mikhail_Wehbe Mikhail_Wehbe_0001
Mikhail_Wehbe Mikhail_Wehbe_0004
Milan_Kucan Milan_Kucan_0001
Minnie_Driver Minnie_Driver_0001
Minnie_Driver Minnie_Driver_0002
Minnie_Mendoza Minnie_Mendoza_0001
Mira_Sorvino Mira_Sorvino_0001
Miranda_Otto Miranda_Otto_0001
Mireille_Jospin-Dandieu Mireille_Jospin-Dandieu_0001
Mitar_Rasevic Mitar_Rasevic_0001
Mitoji_Yabunaka Mitoji_Yabunaka_0001
Mitsou_Gelinas Mitsou_Gelinas_0001
Mitt_Romney Mitt_Romney_0001
Mitzi_Gaynor Mitzi_Gaynor_0001
Mohamed_Seineldin Mohamed_Seineldin_0001
Mohammed_Ashraf_Hafiz Mohammed_Ashraf_Hafiz_0001
Molly_Sims Molly_Sims_0001
Monica_Bellucci Monica_Bellucci_0001
Monica_Bellucci Monica_Bellucci_0003
Monica_Seles Monica_Seles_0002
Monica_Seles Monica_Seles_0003
Monica_Seles Monica_Seles_0004
Monique_Garbrecht-Enfeldt Monique_Garbrecht-Enfeldt_0001
Monique_Garbrecht-Enfeldt Monique_Garbrecht-Enfeldt_0002
Morgan_Freeman Morgan_Freeman_0002
Moshe_Katsav Moshe_Katsav_0001
Moshe_Katsav Moshe_Katsav_0002
Moshe_Katsav Moshe_Katsav_0003
Moshe_Katsav Moshe_Katsav_0004
Muhammad_Saeed_al-Sahhaf Muhammad_Saeed_al-Sahhaf_0005
Mukesh_Ambani Mukesh_Ambani_0003
Munir_Akram Munir_Akram_0001
Munir_Akram Munir_Akram_0002
Myung_Yang Myung_Yang_0001
Nabil_Shaath Nabil_Shaath_0001
Nabil_Shaath Nabil_Shaath_0003
Nadia_Forte Nadia_Forte_0001
Najib_al-Salhi Najib_al-Salhi_0001
Nan_Wang Nan_Wang_0004
Nancy_Demme Nancy_Demme_0001
Nancy_Demme Nancy_Demme_0002
Nancy_Greenlaw Nancy_Greenlaw_0001
Nancy_Kerrigan Nancy_Kerrigan_0001
Nancy_Reagan Nancy_Reagan_0001
Nancy_Reagan Nancy_Reagan_0002
Nancy_Sinatra Nancy_Sinatra_0001
Nancy_Sinatra Nancy_Sinatra_0002
Nanni_Moretti Nanni_Moretti_0001
Nanni_Moretti Nanni_Moretti_0002
Natalia_Dmitrieva Natalia_Dmitrieva_0001
Natalia_Verbeke Natalia_Verbeke_0001
Natasa_Micic Natasa_Micic_0001
Natasha_Lyonne Natasha_Lyonne_0001
Natasha_McElhone Natasha_McElhone_0002
Natasha_McElhone Natasha_McElhone_0003
Nate_Hybl Nate_Hybl_0001
Nathalia_Gillot Nathalia_Gillot_0001
Nathan_Doudney Nathan_Doudney_0001
Nathan_Lane Nathan_Lane_0001
Nathan_Lane Nathan_Lane_0002
Nathirah_Hussein Nathirah_Hussein_0001
Nebojsa_Pavkovic Nebojsa_Pavkovic_0001
Nebojsa_Pavkovic Nebojsa_Pavkovic_0002
Nicholas_Tse Nicholas_Tse_0002
Nick_Nolte Nick_Nolte_0001
Nick_Nolte Nick_Nolte_0004
Nicolas_Escude Nicolas_Escude_0002
Nicolas_Kiefer Nicolas_Kiefer_0001
Nicolas_Lapentti Nicolas_Lapentti_0001
Nicolas_Lapentti Nicolas_Lapentti_0002
Nicole_Kidman Nicole_Kidman_0007
Noel_Niell Noel_Niell_0001
Nora_Ephron Nora_Ephron_0001
Norman_Jewison Norman_Jewison_0001
Norman_Jewison Norman_Jewison_0002
Normand_Legault Normand_Legault_0001
Nova_Esther_Guthrie Nova_Esther_Guthrie_0001
Nursultan_Nazarbayev Nursultan_Nazarbayev_0002
Octavio_Lara Octavio_Lara_0001
Olesya_Bonabarenko Olesya_Bonabarenko_0001
Olesya_Bonabarenko Olesya_Bonabarenko_0002
Omar_Vizquel Omar_Vizquel_0001
Orlando_Bloom Orlando_Bloom_0001
Pamela_Melroy Pamela_Melroy_0001
Parris_Glendening Parris_Glendening_0001
Pascal_Lamy Pascal_Lamy_0001
Pascal_Lamy Pascal_Lamy_0002
Patricia_Wartusch Patricia_Wartusch_0001
Patsy_Mink Patsy_Mink_0001
Paul_Coppin Paul_Coppin_0001
Paul_Coppin Paul_Coppin_0002
Paul_Luvera Paul_Luvera_0001
Paul_McNulty Paul_McNulty_0001
Paul_McNulty Paul_McNulty_0002
Paul_Murphy Paul_Murphy_0001
Paul_Wilson Paul_Wilson_0001
Paul_Wolfowitz Paul_Wolfowitz_0002
Paul_Wolfowitz Paul_Wolfowitz_0003
Paul_Wolfowitz Paul_Wolfowitz_0004
Paul_Wolfowitz Paul_Wolfowitz_0005
Paul_Wolfowitz Paul_Wolfowitz_0006
Paul_Wolfowitz Paul_Wolfowitz_0008
Pauley_Perrette Pauley_Perrette_0001
Paulo_Cesar_Pinheiro Paulo_Cesar_Pinheiro_0001
Paulo_Cesar_Pinheiro Paulo_Cesar_Pinheiro_0002
Pedro_Velasquez Pedro_Velasquez_0001
Penelope_Ann_Miller Penelope_Ann_Miller_0001
Penelope_Taylor Penelope_Taylor_0001
Perri_Shaw Perri_Shaw_0001
Pete_Carroll Pete_Carroll_0001
Pete_Carroll Pete_Carroll_0002
Peter_Arnett Peter_Arnett_0002
Peter_Arnett Peter_Arnett_0003
Peter_Bacanovic Peter_Bacanovic_0001
Peter_Bacanovic Peter_Bacanovic_0002
Philippe_Noiret Philippe_Noiret_0001
Philippe_Noiret Philippe_Noiret_0002
Piotr_Anderszewski Piotr_Anderszewski_0001
Platon_Lebedev Platon_Lebedev_0001
Porter_Goss Porter_Goss_0001
Prince_Claus Prince_Claus_0001
Prince_Claus Prince_Claus_0003
Prince_Felipe Prince_Felipe_0001
Prince_Harry Prince_Harry_0001
Prince_Harry Prince_Harry_0002
Princess_Aiko Princess_Aiko_0001
Princess_Anne Princess_Anne_0001
Princess_Anne Princess_Anne_0002
Princess_Caroline Princess_Caroline_0001
Princess_Elisabeth Princess_Elisabeth_0002
Princess_Masako Princess_Masako_0001
Princess_Masako Princess_Masako_0002
Pupi_Avati Pupi_Avati_0001
Qian_Qichen Qian_Qichen_0001
Queen_Elizabeth_II Queen_Elizabeth_II_0004
Queen_Elizabeth_II Queen_Elizabeth_II_0005
Queen_Elizabeth_II Queen_Elizabeth_II_0006
Queen_Elizabeth_II Queen_Elizabeth_II_0007
Queen_Elizabeth_II Queen_Elizabeth_II_0011
Queen_Elizabeth_II Queen_Elizabeth_II_0013
Queen_Latifah Queen_Latifah_0001
Queen_Rania Queen_Rania_0004
Queen_Sofia Queen_Sofia_0001
Rachel_Wadsworth Rachel_Wadsworth_0001
Rainer_Schuettler Rainer_Schuettler_0001
Rainer_Schuettler Rainer_Schuettler_0003
Rainer_Schuettler Rainer_Schuettler_0004
Ralph_Nader Ralph_Nader_0001
Ramon_Cardenas Ramon_Cardenas_0001
Randall_Tobias Randall_Tobias_0001
Randy_Ferbey Randy_Ferbey_0001
Rani_Mukherjee Rani_Mukherjee_0001
Raoul_Ruiz Raoul_Ruiz_0001
Raoul_Ruiz Raoul_Ruiz_0003
Raoul_Ruiz Raoul_Ruiz_0004
Raquel_Welch Raquel_Welch_0002
Ratna_Sari_Dewi_Sukarno Ratna_Sari_Dewi_Sukarno_0001
Ray_Allen Ray_Allen_0002
Ray_Allen Ray_Allen_0003
Ray_Lewis Ray_Lewis_0001
Ray_Lucas Ray_Lucas_0001
Ray_Morrough Ray_Morrough_0001
Ray_Nagin Ray_Nagin_0002
Ray_Young Ray_Young_0001
Razali_Ismail Razali_Ismail_0001
Rebekah_Chantay_Revels Rebekah_Chantay_Revels_0002
Rebekah_Chantay_Revels Rebekah_Chantay_Revels_0003
Rebekah_Chantay_Revels Rebekah_Chantay_Revels_0004
Recep_Tayyip_Erdogan Recep_Tayyip_Erdogan_0002
Recep_Tayyip_Erdogan Recep_Tayyip_Erdogan_0004
Recep_Tayyip_Erdogan Recep_Tayyip_Erdogan_0008
Recep_Tayyip_Erdogan Recep_Tayyip_Erdogan_0014
Recep_Tayyip_Erdogan Recep_Tayyip_Erdogan_0029
Reggie_Miller Reggie_Miller_0002
Rene_Antonio_Leon_Rodriguez Rene_Antonio_Leon_Rodriguez_0001
Rhina_Villatoro Rhina_Villatoro_0001
Ricardo_Sanchez Ricardo_Sanchez_0003
Ricardo_Sanchez Ricardo_Sanchez_0004
Riccardo_Muti Riccardo_Muti_0001
Richard_Fine Richard_Fine_0001
Richard_Jefferson Richard_Jefferson_0001
Richard_Myers Richard_Myers_0003
Richard_Myers Richard_Myers_0004
Richard_Myers Richard_Myers_0014
Richard_Sterner Richard_Sterner_0001
Rick_Barnes Rick_Barnes_0001
Rick_Barnes Rick_Barnes_0002
Rick_Barnes Rick_Barnes_0003
Rick_Lu Rick_Lu_0001
Rick_Santorum Rick_Santorum_0002
Rick_Santorum Rick_Santorum_0003
Rick_Stansbury Rick_Stansbury_0001
Rien_Long Rien_Long_0001
Rita_Wilson Rita_Wilson_0003
Rob_Lowe Rob_Lowe_0001
Rob_Lowe Rob_Lowe_0002
Rob_Lowe Rob_Lowe_0003
Rob_Lowe Rob_Lowe_0004
Rob_Marshall Rob_Marshall_0004
Rob_Marshall Rob_Marshall_0005
Rob_Marshall Rob_Marshall_0006
Robert_Blackwill Robert_Blackwill_0001
Robert_Blackwill Robert_Blackwill_0002
Robert_Bullock Robert_Bullock_0002
Robert_De_Niro Robert_De_Niro_0001
Robert_De_Niro Robert_De_Niro_0002
Robert_De_Niro Robert_De_Niro_0006
Robert_Ehrlich Robert_Ehrlich_0001
Robert_Ehrlich Robert_Ehrlich_0002
Robert_Kocharian Robert_Kocharian_0003
Robert_Kocharian Robert_Kocharian_0004
Robert_Mugabe Robert_Mugabe_0001
Robert_Mugabe Robert_Mugabe_0002
Robert_Wiener Robert_Wiener_0001
Roberto_Laratro Roberto_Laratro_0001
Robin_McLaurin_Williams Robin_McLaurin_Williams_0002
Robinson_Stevenin Robinson_Stevenin_0002
Rodney_Rempt Rodney_Rempt_0001
Roger_Federer Roger_Federer_0003
Roger_Federer Roger_Federer_0004
Roger_Grimes Roger_Grimes_0001
Roger_Moore Roger_Moore_0003
Roger_Staubach Roger_Staubach_0001
Rogerio_Romero Rogerio_Romero_0002
Roh_Moo-hyun Roh_Moo-hyun_0001
Roh_Moo-hyun Roh_Moo-hyun_0007
Roman_Polanski Roman_Polanski_0002
Roman_Polanski Roman_Polanski_0005
Ron_Dittemore Ron_Dittemore_0005
Ron_Gonzales Ron_Gonzales_0001
Ron_Zook Ron_Zook_0001
Ronald_Ito Ronald_Ito_0001
Ronald_Perelman Ronald_Perelman_0001
Ronald_Young_Jr Ronald_Young_Jr_0001
Rose_Marie Rose_Marie_0001
Roseanne_Barr Roseanne_Barr_0001
Roseanne_Barr Roseanne_Barr_0002
Roseanne_Barr Roseanne_Barr_0003
Roy_Chaderton Roy_Chaderton_0001
Ruben_Studdard Ruben_Studdard_0001
Ruben_Studdard Ruben_Studdard_0002
Rubens_Barrichello Rubens_Barrichello_0001
Rubens_Barrichello Rubens_Barrichello_0002
Rubens_Barrichello Rubens_Barrichello_0005
Rubens_Barrichello Rubens_Barrichello_0009
Rudolph_Giuliani Rudolph_Giuliani_0017
Rudy_Tomjanovich Rudy_Tomjanovich_0001
Russell_Simmons Russell_Simmons_0003
Russell_Simmons Russell_Simmons_0004
Ruth_Harlow Ruth_Harlow_0001
Ruth_Harlow Ruth_Harlow_0002
Ryan_Leaf Ryan_Leaf_0001
Saburo_Kawabuchi Saburo_Kawabuchi_0002
Sachiko_Yamada Sachiko_Yamada_0001
Sachiko_Yamada Sachiko_Yamada_0002
Sachiko_Yamada Sachiko_Yamada_0003
Sachiko_Yamada Sachiko_Yamada_0004
Saeb_Erekat Saeb_Erekat_0001
Saeb_Erekat Saeb_Erekat_0002
Sam_Bith Sam_Bith_0001
Sam_Torrance Sam_Torrance_0002
Sam_Torrance Sam_Torrance_0003
Samantha_Daniels Samantha_Daniels_0001
Samantha_Ledster Samantha_Ledster_0001
Samira_Makhmalbaf Samira_Makhmalbaf_0001
Samira_Makhmalbaf Samira_Makhmalbaf_0002
Sandra_Bullock Sandra_Bullock_0003
Sandra_Bullock Sandra_Bullock_0004
Sandy_Smith Sandy_Smith_0001
Sanjay_Chawla Sanjay_Chawla_0001
Sanjay_Gupta Sanjay_Gupta_0001
Sasha_Alexander Sasha_Alexander_0001
Scott_Hamilton Scott_Hamilton_0001
Scott_Sullivan Scott_Sullivan_0001
Scott_Wolf Scott_Wolf_0001
Scott_Wolf Scott_Wolf_0002
Sebastien_Grosjean Sebastien_Grosjean_0001
Sebastien_Grosjean Sebastien_Grosjean_0002
Sebastien_Grosjean Sebastien_Grosjean_0003
Sebastien_Grosjean Sebastien_Grosjean_0004
Sepp_Blatter Sepp_Blatter_0001
Sepp_Blatter Sepp_Blatter_0002
Sepp_Blatter Sepp_Blatter_0003
Sepp_Blatter Sepp_Blatter_0004
Serena_Williams Serena_Williams_0052
Sergio_Garcia Sergio_Garcia_0001
Sergio_Garcia Sergio_Garcia_0002
Sergio_Vieira_De_Mello Sergio_Vieira_De_Mello_0005
Sergio_Vieira_De_Mello Sergio_Vieira_De_Mello_0006
Shafal_Mosed Shafal_Mosed_0001
Shamai_Leibowitz Shamai_Leibowitz_0001
Shane_Warne Shane_Warne_0002
Sharon_Davis Sharon_Davis_0001
Sharon_Frey Sharon_Frey_0002
Sharon_Osbourne Sharon_Osbourne_0001
Sharon_Stone Sharon_Stone_0005
Shaun_Rusling Shaun_Rusling_0001
Shawn_Bradley Shawn_Bradley_0001
Sheila_Copps Sheila_Copps_0003
Sheila_Fraser Sheila_Fraser_0001
Sheldon_Silver Sheldon_Silver_0001
Sheryl_Crow Sheryl_Crow_0004
Sheryl_Crow Sheryl_Crow_0008
Shi_Guangsheng Shi_Guangsheng_0001
Silvan_Shalom Silvan_Shalom_0006
Silvie_Cabero Silvie_Cabero_0001
Simona_Hradil Simona_Hradil_0001
Sok_An Sok_An_0001
Soon_Yi Soon_Yi_0001
Sophie Sophie_0001
Stacy_Dragila Stacy_Dragila_0001
Stacy_Dragila Stacy_Dragila_0002
Stanley_McChrystal Stanley_McChrystal_0001
Stanley_McChrystal Stanley_McChrystal_0002
Stanley_Nelson Stanley_Nelson_0001
Stefaan_Declerk Stefaan_Declerk_0001
Stella_Keitel Stella_Keitel_0001
Stella_Tennant Stella_Tennant_0001
Steny_Hoyer Steny_Hoyer_0001
Stephane_Rousseau Stephane_Rousseau_0001
Stephanie_Moore Stephanie_Moore_0001
Stephen_Ambrose Stephen_Ambrose_0002
Stephen_Frears Stephen_Frears_0001
Stephen_Joseph Stephen_Joseph_0001
Stephen_Webster Stephen_Webster_0001
Steve_Avery Steve_Avery_0001
Steve_Ballmer Steve_Ballmer_0001
Steve_Ballmer Steve_Ballmer_0002
Steve_Fehr Steve_Fehr_0001
Steve_Mariucci Steve_Mariucci_0001
Steve_Mariucci Steve_Mariucci_0002
Steve_Nash Steve_Nash_0002
Steve_Waugh Steve_Waugh_0001
Steve_Waugh Steve_Waugh_0002
Steven_Briggs Steven_Briggs_0001
Steven_Feldman Steven_Feldman_0001
Steven_Seagal Steven_Seagal_0001
Steven_Seagal Steven_Seagal_0002
Steven_Spielberg Steven_Spielberg_0001
Steven_Spielberg Steven_Spielberg_0007
Sue_Wicks Sue_Wicks_0001
Susan_Sarandon Susan_Sarandon_0002
Susan_Sarandon Susan_Sarandon_0003
Susan_Sarandon Susan_Sarandon_0004
Susan_Sarandon Susan_Sarandon_0006
Susilo_Bambang_Yudhoyono Susilo_Bambang_Yudhoyono_0001
Susilo_Bambang_Yudhoyono Susilo_Bambang_Yudhoyono_0002
Suzie_McConnell_Serio Suzie_McConnell_Serio_0001
Sven_Ottke Sven_Ottke_0001
Svend_Robinson Svend_Robinson_0001
Taha_Yassin_Ramadan Taha_Yassin_Ramadan_0009
Takahiro_Mori Takahiro_Mori_0001
Takaloo Takaloo_0001
Takashi_Sorimachi Takashi_Sorimachi_0001
Takashi_Sorimachi Takashi_Sorimachi_0002
Talisa_Bratt Talisa_Bratt_0001
Tammy_Helm Tammy_Helm_0001
Taoufik_Mathlouthi Taoufik_Mathlouthi_0001
Tatjana_Gsell Tatjana_Gsell_0001
Taufik_Kiemas Taufik_Kiemas_0001
Ted_Turner Ted_Turner_0001
Terence_Newman Terence_Newman_0001
Teresa_Heinz_Kerry Teresa_Heinz_Kerry_0001
Teresa_Worbis Teresa_Worbis_0001
Terry_Hoeppner Terry_Hoeppner_0001
Tex_Ritter Tex_Ritter_0001
Thad_Matta Thad_Matta_0001
Thierry_Falise Thierry_Falise_0001
Thierry_Falise Thierry_Falise_0003
Thomas_Bjorn Thomas_Bjorn_0001
Thomas_Malchow Thomas_Malchow_0001
Thomas_Malchow Thomas_Malchow_0002
Thomas_Weston Thomas_Weston_0001
Thomas_Wilkens Thomas_Wilkens_0001
Tiger_Woods Tiger_Woods_0001
Tiger_Woods Tiger_Woods_0003
Tiger_Woods Tiger_Woods_0007
Tiger_Woods Tiger_Woods_0017
Tiger_Woods Tiger_Woods_0019
Tiger_Woods Tiger_Woods_0020
Tim_Chapman Tim_Chapman_0001
Tim_Conway Tim_Conway_0001
Tim_Conway Tim_Conway_0002
Tim_Duncan Tim_Duncan_0003
Tim_Duncan Tim_Duncan_0004
Tim_Henman Tim_Henman_0002
Tim_Henman Tim_Henman_0010
Tim_Henman Tim_Henman_0015
Tim_Henman Tim_Henman_0016
Tim_Henman Tim_Henman_0018
Tim_Henman Tim_Henman_0019
Tim_Robbins Tim_Robbins_0002
Timothy_Rigas Timothy_Rigas_0001
Tina_Andrews Tina_Andrews_0001
Todd_Reid Todd_Reid_0001
Tom_Brady Tom_Brady_0001
Tom_Craddick Tom_Craddick_0001
Tom_Craddick Tom_Craddick_0002
Tom_Craddick Tom_Craddick_0003
Tom_Curley Tom_Curley_0001
Tom_Daschle Tom_Daschle_0018
Tom_Daschle Tom_Daschle_0021
Tom_DeLay Tom_DeLay_0001
Tom_Hanks Tom_Hanks_0001
Tom_Hanks Tom_Hanks_0002
Tom_Hanks Tom_Hanks_0003
Tom_Hanks Tom_Hanks_0006
Tom_Hanks Tom_Hanks_0010
Tom_Miller Tom_Miller_0001
Tom_Reilly Tom_Reilly_0002
Tom_Reilly Tom_Reilly_0003
Tom_Ridge Tom_Ridge_0002
Tom_Ridge Tom_Ridge_0003
Tom_Ridge Tom_Ridge_0015
Tom_Ridge Tom_Ridge_0018
Tom_Ridge Tom_Ridge_0022
Tom_Schnackenberg Tom_Schnackenberg_0001
Tom_Vilsack Tom_Vilsack_0001
Tommy_Robredo Tommy_Robredo_0001
Tommy_Robredo Tommy_Robredo_0003
Tony_Fernandes Tony_Fernandes_0001
Tori_Amos Tori_Amos_0001
Torri_Edwards Torri_Edwards_0001
Torri_Edwards Torri_Edwards_0002
Trista_Rehn Trista_Rehn_0001
Tubby_Smith Tubby_Smith_0002
Tubby_Smith Tubby_Smith_0003
Ty_Votaw Ty_Votaw_0001
Tyra_Banks Tyra_Banks_0002
Tyron_Garner Tyron_Garner_0002
Ulrich_Kueperkoch Ulrich_Kueperkoch_0001
Uma_Thurman Uma_Thurman_0001
Uma_Thurman Uma_Thurman_0002
Urmila_Matondkar Urmila_Matondkar_0001
Uzi_Even Uzi_Even_0001
Val_Ackerman Val_Ackerman_0001
Valdas_Adamkus Valdas_Adamkus_0001
Valdas_Adamkus Valdas_Adamkus_0002
Vanessa_Williams Vanessa_Williams_0001
Venus_Williams Venus_Williams_0001
Venus_Williams Venus_Williams_0004
Venus_Williams Venus_Williams_0006
Venus_Williams Venus_Williams_0008
Venus_Williams Venus_Williams_0009
Victor_Kraatz Victor_Kraatz_0001
Victoria_Clarke Victoria_Clarke_0002
Victoria_Clarke Victoria_Clarke_0003
Vin_Diesel Vin_Diesel_0001
Vin_Diesel Vin_Diesel_0002
Vladimir_Putin Vladimir_Putin_0001
Vladimir_Putin Vladimir_Putin_0022
Vladimiro_Montesinos Vladimiro_Montesinos_0003
Vytas_Danelius Vytas_Danelius_0001
Wan_Yanhai Wan_Yanhai_0001
Wang_Nan Wang_Nan_0001
Warren_Granados Warren_Granados_0001
Wendy_Kennedy Wendy_Kennedy_0001
Wes_Craven Wes_Craven_0001
Will_Ferrell Will_Ferrell_0001
Will_Young Will_Young_0001
William_Cocksedge William_Cocksedge_0001
William_Ford_Jr William_Ford_Jr_0001
William_Ford_Jr William_Ford_Jr_0003
William_Ford_Jr William_Ford_Jr_0004
William_Hochul William_Hochul_0002
Wilson_Alvarez Wilson_Alvarez_0001
Win_Aung Win_Aung_0003
Win_Aung Win_Aung_0004
Wu_Peng Wu_Peng_0001
Wu_Yi Wu_Yi_0001
Wu_Yi Wu_Yi_0002
Wu_Yi Wu_Yi_0003
Xanana_Gusmao Xanana_Gusmao_0002
Xanana_Gusmao Xanana_Gusmao_0003
Yann_Martel Yann_Martel_0001
Yoko_Ono Yoko_Ono_0001
Yoko_Ono Yoko_Ono_0004
Yossi_Beilin Yossi_Beilin_0001
Yossi_Beilin Yossi_Beilin_0002
Yu_Shyi-kun Yu_Shyi-kun_0003
Yu_Shyi-kun Yu_Shyi-kun_0004
Yuri_Fedotov Yuri_Fedotov_0001
Yuri_Fedotov Yuri_Fedotov_0002
Yuri_Malenchenko Yuri_Malenchenko_0001
Yuri_Malenchenko Yuri_Malenchenko_0002
Yuvraj_Singh Yuvraj_Singh_0001
Zafarullah_Khan_Jamali Zafarullah_Khan_Jamali_0001
Zahir_Shah Zahir_Shah_0001
Zaini_Abdullah Zaini_Abdullah_0001
Zalmay_Khalilzad Zalmay_Khalilzad_0001
Zara_Akhmadova Zara_Akhmadova_0001
Zarai_Toledo Zarai_Toledo_0002
Zhang_Wenkang Zhang_Wenkang_0001
Zhang_Wenkang Zhang_Wenkang_0002
Zhong_Nanshan Zhong_Nanshan_0001
Zinedine_Zidane Zinedine_Zidane_0002
Zinedine_Zidane Zinedine_Zidane_0004
