Aaron_Peirsol Aaron_Peirsol_0001
Aaron_Peirsol Aaron_Peirsol_0002
Aaron_Peirsol Aaron_Peirsol_0003
Aaron_Peirsol Aaron_Peirsol_0004
Aaron_Sorkin Aaron_Sorkin_0001
Aaron_Sorkin Aaron_Sorkin_0002
Abner_Martinez Abner_Martinez_0001
Adam_Scott Adam_Scott_0001
Adam_Scott Adam_Scott_0002
Adolfo_Aguilar_Zinser Adolfo_Aguilar_Zinser_0001
Adolfo_Aguilar_Zinser Adolfo_Aguilar_Zinser_0003
Adolfo_Rodriguez_Saa Adolfo_Rodriguez_Saa_0001
Ahmed_Ahmed Ahmed_Ahmed_0001
Ahmed_Lopez Ahmed_Lopez_0001
Ahmet_Demir Ahmet_Demir_0001
Aishwarya_Rai Aishwarya_Rai_0001
Akbar_Hashemi_Rafsanjani Akbar_Hashemi_Rafsanjani_0001
Akbar_Hashemi_Rafsanjani Akbar_Hashemi_Rafsanjani_0003
Akhmed_Zakayev Akhmed_Zakayev_0001
Akhmed_Zakayev Akhmed_Zakayev_0002
Akhmed_Zakayev Akhmed_Zakayev_0003
Akmal_Taher Akmal_Taher_0001
Alain_Ducasse Alain_Ducasse_0001
Alan_Ball Alan_Ball_0001
Alan_Ball Alan_Ball_0002
Alejandro_Lembo Alejandro_Lembo_0001
Alex_King Alex_King_0001
Alexander_Payne Alexander_Payne_0001
Alexandra_Stevenson Alexandra_Stevenson_0001
Alexandra_Stevenson Alexandra_Stevenson_0002
Alexandra_Stevenson Alexandra_Stevenson_0003
Alexandra_Vodjanikova Alexandra_Vodjanikova_0001
Alexandra_Vodjanikova Alexandra_Vodjanikova_0002
Alfonso_Cuaron Alfonso_Cuaron_0001
Alfredo_di_Stefano Alfredo_di_Stefano_0001
Ali_Abbas Ali_Abbas_0001
Ali_Abbas Ali_Abbas_0002
Ali_Hammoud Ali_Hammoud_0001
Ali_Khamenei Ali_Khamenei_0001
Ali_Khamenei Ali_Khamenei_0002
Alison_Lohman Alison_Lohman_0001
Alison_Lohman Alison_Lohman_0002
Amanda_Beard Amanda_Beard_0001
Amanda_Beard Amanda_Beard_0002
Amanda_Plumer Amanda_Plumer_0001
Amber_Tamblyn Amber_Tamblyn_0001
Amber_Tamblyn Amber_Tamblyn_0002
Amy_Cotton Amy_Cotton_0001
Andre_Agassi Andre_Agassi_0009
Andre_Agassi Andre_Agassi_0018
Andrea_Bocelli Andrea_Bocelli_0001
Andrea_Yates Andrea_Yates_0001
Andrei_Nikolishin Andrei_Nikolishin_0001
Andrew_Cuomo Andrew_Cuomo_0001
Andrew_Cuomo Andrew_Cuomo_0002
Andrew_Fastow Andrew_Fastow_0001
Andrew_Gilligan Andrew_Gilligan_0001
Andrew_Jarecki Andrew_Jarecki_0001
Andy_Roddick Andy_Roddick_0001
Andy_Roddick Andy_Roddick_0003
Andy_Roddick Andy_Roddick_0009
Andy_Roddick Andy_Roddick_0012
Andy_Roddick Andy_Roddick_0014
Andy_Roddick Andy_Roddick_0015
Angela_Merkel Angela_Merkel_0001
Angelina_Jolie Angelina_Jolie_0003
Angelina_Jolie Angelina_Jolie_0004
Angelina_Jolie Angelina_Jolie_0008
Angelina_Jolie Angelina_Jolie_0009
Angelina_Jolie Angelina_Jolie_0015
Angelina_Jolie Angelina_Jolie_0016
Angelina_Jolie Angelina_Jolie_0017
Ann_Morgan Ann_Morgan_0001
Anthony_Pisciotti Anthony_Pisciotti_0001
Anthony_Rackauckas Anthony_Rackauckas_0001
Antonio_Banderas Antonio_Banderas_0002
Antonio_Banderas Antonio_Banderas_0003
Antonio_Banderas Antonio_Banderas_0004
Antony_Leung Antony_Leung_0002
Antony_Leung Antony_Leung_0003
Anwar_Ibrahim Anwar_Ibrahim_0001
Anwar_Ibrahim Anwar_Ibrahim_0002
Aram_Adler Aram_Adler_0001
Arantxa_Sanchez-Vicario Arantxa_Sanchez-Vicario_0001
Arantxa_Sanchez-Vicario Arantxa_Sanchez-Vicario_0002
Ari_Fleischer Ari_Fleischer_0001
Ari_Fleischer Ari_Fleischer_0002
Ari_Fleischer Ari_Fleischer_0004
Ari_Fleischer Ari_Fleischer_0006
Ari_Fleischer Ari_Fleischer_0008
Ari_Fleischer Ari_Fleischer_0013
Arianna_Huffington Arianna_Huffington_0001
Arianna_Huffington Arianna_Huffington_0002
Arianna_Huffington Arianna_Huffington_0003
Arnie_Boehm Arnie_Boehm_0001
Arnold_Palmer Arnold_Palmer_0001
Arnold_Palmer Arnold_Palmer_0002
Arnold_Palmer Arnold_Palmer_0003
Aron_Ralston Aron_Ralston_0001
Aron_Ralston Aron_Ralston_0002
Artieas_Shanks Artieas_Shanks_0001
Arturo_Gatti Arturo_Gatti_0001
Arturo_Gatti Arturo_Gatti_0002
Arturo_Gatti Arturo_Gatti_0003
Arye_Mekel Arye_Mekel_0001
Arye_Mekel Arye_Mekel_0002
Ashanti Ashanti_0004
Ashraf_Ghani Ashraf_Ghani_0001
Atal_Bihari_Vajpayee Atal_Bihari_Vajpayee_0010
Atal_Bihari_Vajpayee Atal_Bihari_Vajpayee_0017
Atal_Bihari_Vajpayee Atal_Bihari_Vajpayee_0020
Atal_Bihari_Vajpayee Atal_Bihari_Vajpayee_0024
Azmi_Bishara Azmi_Bishara_0001
Barbara_Walters Barbara_Walters_0001
Barbara_Walters Barbara_Walters_0002
Barbara_Walters Barbara_Walters_0003
Barbara_Walters Barbara_Walters_0004
Barrett_Jackman Barrett_Jackman_0001
Barrett_Jackman Barrett_Jackman_0002
Barry_Hinson Barry_Hinson_0001
Barry_Zito Barry_Zito_0001
Barry_Zito Barry_Zito_0002
Bart_Hendricks Bart_Hendricks_0001
Basdeo_Panday Basdeo_Panday_0001
Bashar_Assad Bashar_Assad_0001
Bashar_Assad Bashar_Assad_0003
Bashar_Assad Bashar_Assad_0004
Ben_Glisan Ben_Glisan_0001
Ben_Glisan Ben_Glisan_0002
Ben_Howland Ben_Howland_0001
Ben_Howland Ben_Howland_0002
Benazir_Bhutto Benazir_Bhutto_0001
Benazir_Bhutto Benazir_Bhutto_0002
Benazir_Bhutto Benazir_Bhutto_0005
Benedita_da_Silva Benedita_da_Silva_0001
Benjamin_Martinez Benjamin_Martinez_0001
Bernard_Landry Bernard_Landry_0001
Bernard_Landry Bernard_Landry_0002
Bernard_Landry Bernard_Landry_0004
Bettina_Rheims Bettina_Rheims_0001
Bill_Callahan Bill_Callahan_0001
Bill_Callahan Bill_Callahan_0002
Bill_Callahan Bill_Callahan_0003
Bill_Clinton Bill_Clinton_0004
Bill_Clinton Bill_Clinton_0020
Bill_Duffey Bill_Duffey_0001
Bill_Gates Bill_Gates_0003
Bill_Gates Bill_Gates_0004
Bill_Gates Bill_Gates_0011
Bill_Gates Bill_Gates_0015
Bill_Graham Bill_Graham_0001
Bill_Graham Bill_Graham_0007
Bill_Graham Bill_Graham_0008
Bill_Graham Bill_Graham_0009
Bill_Kong Bill_Kong_0001
Bill_Lerach Bill_Lerach_0001
Bill_Nelson Bill_Nelson_0001
Bill_Nelson Bill_Nelson_0002
Bill_Pryor Bill_Pryor_0001
Bill_Stein Bill_Stein_0001
Billy_Bob_Thornton Billy_Bob_Thornton_0001
Billy_Crystal Billy_Crystal_0003
Billy_Crystal Billy_Crystal_0005
Billy_Crystal Billy_Crystal_0006
Billy_Joel Billy_Joel_0001
Bison_Dele Bison_Dele_0001
Blythe_Hartley Blythe_Hartley_0002
Bob_Curtis Bob_Curtis_0001
Bob_Ferguson Bob_Ferguson_0001
Bob_Graham Bob_Graham_0001
Bob_Graham Bob_Graham_0002
Bob_Graham Bob_Graham_0003
Bob_Graham Bob_Graham_0004
Bob_Graham Bob_Graham_0005
Bob_Graham Bob_Graham_0006
Bob_Krueger Bob_Krueger_0001
Bob_Stoops Bob_Stoops_0002
Bob_Stoops Bob_Stoops_0004
Bob_Stoops Bob_Stoops_0005
Bob_Stoops Bob_Stoops_0007
Bob_Wright Bob_Wright_0001
Bobby_Robson Bobby_Robson_0001
Bobby_Robson Bobby_Robson_0002
Boris_Berezovsky Boris_Berezovsky_0001
Boris_Berezovsky Boris_Berezovsky_0002
Brandon_Inge Brandon_Inge_0001
Branko_Crvenkovski Branko_Crvenkovski_0001
Branko_Crvenkovski Branko_Crvenkovski_0003
Brendan_Hansen Brendan_Hansen_0001
Brendan_Hansen Brendan_Hansen_0002
Brent_Coles Brent_Coles_0001
Brett_Hull Brett_Hull_0001
Brian_Mulroney Brian_Mulroney_0002
Brook_Robinson Brook_Robinson_0001
Bruce_Arena Bruce_Arena_0001
Bruno_Junquiera Bruno_Junquiera_0001
Bryant_Young Bryant_Young_0001
Buck_Rodgers Buck_Rodgers_0001
Bud_Selig Bud_Selig_0001
Bud_Selig Bud_Selig_0002
Bud_Selig Bud_Selig_0004
Budd_Schulberg Budd_Schulberg_0001
Bulent_Ecevit Bulent_Ecevit_0001
Bulent_Ecevit Bulent_Ecevit_0002
Bulent_Ecevit Bulent_Ecevit_0003
Bulent_Ecevit Bulent_Ecevit_0004
Bulent_Ecevit Bulent_Ecevit_0005
Bulent_Ecevit Bulent_Ecevit_0006
Candie_Kung Candie_Kung_0001
Candie_Kung Candie_Kung_0002
Candie_Kung Candie_Kung_0003
Carla_Myers Carla_Myers_0001
Carla_Myers Carla_Myers_0002
Carla_Sullivan Carla_Sullivan_0001
Carlos_Savedra Carlos_Savedra_0001
Carmen_Electra Carmen_Electra_0001
Carmen_Electra Carmen_Electra_0006
Carol_Moseley_Braun Carol_Moseley_Braun_0001
Carol_Moseley_Braun Carol_Moseley_Braun_0002
Carolina_Barco Carolina_Barco_0001
Carolina_Moraes Carolina_Moraes_0002
Catherine_Zeta-Jones Catherine_Zeta-Jones_0001
Catherine_Zeta-Jones Catherine_Zeta-Jones_0004
Catherine_Zeta-Jones Catherine_Zeta-Jones_0006
Catherine_Zeta-Jones Catherine_Zeta-Jones_0008
Catherine_Zeta-Jones Catherine_Zeta-Jones_0009
Catherine_Zeta-Jones Catherine_Zeta-Jones_0010
Cecilia_Bolocco Cecilia_Bolocco_0001
Cecilia_Bolocco Cecilia_Bolocco_0002
Cecilia_Bolocco Cecilia_Bolocco_0003
Charlotte_Casiraghi Charlotte_Casiraghi_0001
Chelsea_Clinton Chelsea_Clinton_0001
Chen_Liang_Yu Chen_Liang_Yu_0001
Chen_Liang_Yu Chen_Liang_Yu_0002
Cherie_Blair Cherie_Blair_0001
Cherie_Blair Cherie_Blair_0002
Cherie_Blair Cherie_Blair_0003
Cherie_Blair Cherie_Blair_0004
Chris_Columbus Chris_Columbus_0001
Chris_Cooper Chris_Cooper_0001
Chris_Cooper Chris_Cooper_0002
Chris_Moore Chris_Moore_0001
Chris_Rock Chris_Rock_0001
Chris_Rock Chris_Rock_0002
Christian_Bale Christian_Bale_0001
Christian_Fittipaldi Christian_Fittipaldi_0001
Christian_Fittipaldi Christian_Fittipaldi_0002
Christina_Aguilera Christina_Aguilera_0004
Christine_Arron Christine_Arron_0001
Christine_Gregoire Christine_Gregoire_0002
Christine_Gregoire Christine_Gregoire_0003
Christoph_Daum Christoph_Daum_0001
Christopher_Amolsch Christopher_Amolsch_0001
Christopher_Matero Christopher_Matero_0001
Chuck_Amato Chuck_Amato_0001
Chuck_Amato Chuck_Amato_0002
Chuck_Finley Chuck_Finley_0001
Chung_Mong-hun Chung_Mong-hun_0001
Chung_Mong-hun Chung_Mong-hun_0002
Claude_Jorda Claude_Jorda_0001
Claudia_Pechstein Claudia_Pechstein_0001
Claudia_Pechstein Claudia_Pechstein_0002
Clemente_de_la_Vega Clemente_de_la_Vega_0001
Clint_Eastwood Clint_Eastwood_0001
Clint_Eastwood Clint_Eastwood_0003
Clint_Eastwood Clint_Eastwood_0005
Clint_Eastwood Clint_Eastwood_0006
Clive_Woodward Clive_Woodward_0001
Colin_Cowie Colin_Cowie_0001
Colin_Farrell Colin_Farrell_0001
Colin_Farrell Colin_Farrell_0003
Colin_Farrell Colin_Farrell_0006
Colin_Farrell Colin_Farrell_0007
Colin_Jackson Colin_Jackson_0001
Colin_Jackson Colin_Jackson_0002
Colin_Montgomerie Colin_Montgomerie_0002
Colin_Montgomerie Colin_Montgomerie_0004
Colin_Montgomerie Colin_Montgomerie_0005
Colin_Powell Colin_Powell_0038
Colin_Powell Colin_Powell_0074
Colin_Powell Colin_Powell_0120
Colin_Powell Colin_Powell_0166
Colin_Powell Colin_Powell_0205
Colin_Powell Colin_Powell_0212
Colleen_Atwood Colleen_Atwood_0001
Costas_Simitis Costas_Simitis_0001
Costas_Simitis Costas_Simitis_0002
Costas_Simitis Costas_Simitis_0003
Costas_Simitis Costas_Simitis_0004
Courtney_Cox Courtney_Cox_0001
Craig_Doblin Craig_Doblin_0001
Craig_Wilson Craig_Wilson_0001
Cristina_Saralegui Cristina_Saralegui_0001
Cristina_Saralegui Cristina_Saralegui_0002
Cruz_Bustamante Cruz_Bustamante_0001
Cruz_Bustamante Cruz_Bustamante_0004
Curtis_Rodriguez Curtis_Rodriguez_0001
Daja_Bedanova Daja_Bedanova_0001
Dalai_Lama Dalai_Lama_0001
Dalai_Lama Dalai_Lama_0002
Dale_Earnhardt Dale_Earnhardt_0001
Dan_Guerrero Dan_Guerrero_0001
Danny_Ainge Danny_Ainge_0001
Darla_Moore Darla_Moore_0001
Darrell_Issa Darrell_Issa_0001
Darrell_Issa Darrell_Issa_0002
Darren_Clarke Darren_Clarke_0001
Darren_Clarke Darren_Clarke_0002
Daryl_Hannah Daryl_Hannah_0001
Daryl_Hannah Daryl_Hannah_0002
David_Bowie David_Bowie_0001
David_Duke David_Duke_0001
David_Heymann David_Heymann_0001
David_Heymann David_Heymann_0002
David_Myers David_Myers_0001
David_Myers David_Myers_0002
David_Przybyszewski David_Przybyszewski_0001
David_Siegel David_Siegel_0001
Dean_Barker Dean_Barker_0001
Deb_Santos Deb_Santos_0001
Demetrius_Ferraciu Demetrius_Ferraciu_0002
Demi_Moore Demi_Moore_0001
Demi_Moore Demi_Moore_0002
Demi_Moore Demi_Moore_0003
Demi_Moore Demi_Moore_0004
Deniz_Baykal Deniz_Baykal_0001
Dennis_Erickson Dennis_Erickson_0001
Dennis_Erickson Dennis_Erickson_0002
Derek_Bond Derek_Bond_0001
Derek_Lowe Derek_Lowe_0001
Derek_Lowe Derek_Lowe_0002
Derrick_Rodgers Derrick_Rodgers_0001
Des_Brown Des_Brown_0001
Dexter_Jackson Dexter_Jackson_0001
Dexter_Jackson Dexter_Jackson_0002
Diana_Krall Diana_Krall_0001
Diana_Krall Diana_Krall_0002
Diana_Krall Diana_Krall_0003
Diana_Krall Diana_Krall_0004
Diana_Krall Diana_Krall_0006
Diana_Munz Diana_Munz_0002
Diana_Munz Diana_Munz_0003
Dianne_Feinstein Dianne_Feinstein_0001
Dianne_Feinstein Dianne_Feinstein_0002
Dianne_Feinstein Dianne_Feinstein_0003
Dick_Bennett Dick_Bennett_0001
Didier_Defago Didier_Defago_0001
Diego_Armando_Maradona Diego_Armando_Maradona_0001
Dinah_Turner Dinah_Turner_0001
Djabir_Said-Guerni Djabir_Said-Guerni_0001
Dolma_Tsering Dolma_Tsering_0001
Dolma_Tsering Dolma_Tsering_0002
Don_Nickles Don_Nickles_0001
Don_Nickles Don_Nickles_0002
Don_Siegelman Don_Siegelman_0002
Don_Siegelman Don_Siegelman_0003
Donald_Fehr Donald_Fehr_0003
Donald_Fehr Donald_Fehr_0004
Donnie_Brennan Donnie_Brennan_0001
Dora_Bakoyianni Dora_Bakoyianni_0001
Dorothy_Lamour Dorothy_Lamour_0001
Doug_Christie Doug_Christie_0001
Doug_Duncan Doug_Duncan_0001
Doug_Duncan Doug_Duncan_0002
Doug_Wilson Doug_Wilson_0001
Dustin_Brown Dustin_Brown_0001
Dwain_Kyles Dwain_Kyles_0001
Dyab_Abou_Jahjah Dyab_Abou_Jahjah_0001
Ed_Book Ed_Book_0001
Eddie_Compass Eddie_Compass_0001
Eddie_Jordan Eddie_Jordan_0001
Eddie_Murray Eddie_Murray_0001
Edgar_Savisaar Edgar_Savisaar_0001
Edie_Falco Edie_Falco_0001
Edie_Falco Edie_Falco_0002
Edina_Batar Edina_Batar_0001
Edmund_Hillary Edmund_Hillary_0002
Edmund_Hillary Edmund_Hillary_0003
Eduardo_Duhalde Eduardo_Duhalde_0005
Eduardo_Duhalde Eduardo_Duhalde_0011
Eduardo_Romero Eduardo_Romero_0001
Edward_Lohn Edward_Lohn_0001
Edwina_Currie Edwina_Currie_0002
Edwina_Currie Edwina_Currie_0003
Eileen_Coparropa Eileen_Coparropa_0001
Eileen_Coparropa Eileen_Coparropa_0002
Eileen_Coparropa Eileen_Coparropa_0003
Elena_Bovina Elena_Bovina_0001
Elena_Bovina Elena_Bovina_0002
Eli_Stutsman Eli_Stutsman_0001
Elijah_Wood Elijah_Wood_0002
Elijah_Wood Elijah_Wood_0003
Elijan_Ingram Elijan_Ingram_0001
Elizabeth_Dole Elizabeth_Dole_0001
Elizabeth_Dole Elizabeth_Dole_0003
Elizabeth_Hurley Elizabeth_Hurley_0001
Elizabeth_Hurley Elizabeth_Hurley_0002
Elizabeth_Hurley Elizabeth_Hurley_0003
Elizabeth_Hurley Elizabeth_Hurley_0004
Elizabeth_Hurley Elizabeth_Hurley_0005
Ellen_DeGeneres Ellen_DeGeneres_0001
Ellen_DeGeneres Ellen_DeGeneres_0002
Elton_John Elton_John_0001
Elton_John Elton_John_0003
Elton_John Elton_John_0005
Elton_John Elton_John_0007
Elvis_Presley Elvis_Presley_0001
Elvis_Presley Elvis_Presley_0002
Emma_Thompson Emma_Thompson_0001
Emma_Thompson Emma_Thompson_0002
Emma_Thompson Emma_Thompson_0003
Emmit_Smith Emmit_Smith_0001
Emmit_Smith Emmit_Smith_0002
Enola_Rice Enola_Rice_0001
Enrique_Iglesias Enrique_Iglesias_0001
Eric_Clapton Eric_Clapton_0001
Eric_Clapton Eric_Clapton_0002
Erika_Harold Erika_Harold_0002
Erika_Harold Erika_Harold_0004
Erika_Harold Erika_Harold_0005
Eriko_Tamura Eriko_Tamura_0001
Ernest_Hollings Ernest_Hollings_0001
Ernesto_Zedillo Ernesto_Zedillo_0001
Ernesto_Zedillo Ernesto_Zedillo_0002
Ernie_Els Ernie_Els_0001
Ernie_Els Ernie_Els_0003
Ernie_Harwell Ernie_Harwell_0001
Ernie_Stewart Ernie_Stewart_0001
Ethan_Hawke Ethan_Hawke_0001
Ethan_Hawke Ethan_Hawke_0002
Ethan_Hawke Ethan_Hawke_0003
Ethan_Hawke Ethan_Hawke_0004
Eve_Pelletier Eve_Pelletier_0001
Eve_Pelletier Eve_Pelletier_0002
Fabrice_Santoro Fabrice_Santoro_0003
Faisal_Iqbal Faisal_Iqbal_0001
Faisal_Saleh_Hayat Faisal_Saleh_Hayat_0001
Feliciano_Lopez Feliciano_Lopez_0001
Felix_Mantilla Felix_Mantilla_0001
Felix_Mantilla Felix_Mantilla_0002
Fernando_Velardez Fernando_Velardez_0001
Fidel_Castro Fidel_Castro_0004
Fidel_Castro Fidel_Castro_0014
Frances_Fisher Frances_Fisher_0001
Frances_Fisher Frances_Fisher_0002
Francisco_Santos Francisco_Santos_0001
Francisco_Urenda Francisco_Urenda_0001
Franck_Cerutti Franck_Cerutti_0001
Frank_Griswold Frank_Griswold_0001
Frank_Griswold Frank_Griswold_0002
Franko_Simatovic Franko_Simatovic_0001
Fred_Thompson Fred_Thompson_0002
Fred_Thompson Fred_Thompson_0003
Frederique_van_der_Wal Frederique_van_der_Wal_0001
Fujio_Cho Fujio_Cho_0001
Fujio_Cho Fujio_Cho_0004
Fujio_Cho Fujio_Cho_0005
Gabi_Zimmer Gabi_Zimmer_0001
Gabriel_Hughes Gabriel_Hughes_0001
Gael_Garcia_Bermal Gael_Garcia_Bermal_0001
Gary_Carter Gary_Carter_0001
Gary_Carter Gary_Carter_0002
Gary_Carter Gary_Carter_0003
Gary_Gitnick Gary_Gitnick_0001
Gary_Locke Gary_Locke_0001
Gary_Locke Gary_Locke_0002
Gary_Marshall Gary_Marshall_0001
Geoffrey_Rush Geoffrey_Rush_0001
George_Allen George_Allen_0001
George_P_Bush George_P_Bush_0001
George_P_Bush George_P_Bush_0002
George_Ryan George_Ryan_0002
George_Ryan George_Ryan_0004
Georgina_Bardach Georgina_Bardach_0001
Gerard_Depardieu Gerard_Depardieu_0001
Gerardo_Gambala Gerardo_Gambala_0001
Gerardo_Gambala Gerardo_Gambala_0002
Gerhard_Schmid Gerhard_Schmid_0001
Glenn_Plummer Glenn_Plummer_0001
Gloria_Macapagal_Arroyo Gloria_Macapagal_Arroyo_0029
Gloria_Macapagal_Arroyo Gloria_Macapagal_Arroyo_0034
Gloria_Macapagal_Arroyo Gloria_Macapagal_Arroyo_0040
Grady_Irvin_Jr Grady_Irvin_Jr_0001
Grady_Irvin_Jr Grady_Irvin_Jr_0002
Grant_Hackett Grant_Hackett_0002
Grant_Hackett Grant_Hackett_0003
Greg_Rusedski Greg_Rusedski_0001
Greg_Rusedski Greg_Rusedski_0002
Greg_Rusedski Greg_Rusedski_0003
Greg_Rusedski Greg_Rusedski_0004
Guillaume_Soro Guillaume_Soro_0001
Guillaume_Soro Guillaume_Soro_0002
Guillermo_Canas Guillermo_Canas_0001
Guillermo_Canas Guillermo_Canas_0002
Guillermo_Canas Guillermo_Canas_0004
Guillermo_Ortiz Guillermo_Ortiz_0001
Guillermo_Ortiz Guillermo_Ortiz_0002
Gunter_Pleuger Gunter_Pleuger_0002
Gunter_Pleuger Gunter_Pleuger_0005
Gustavo_Kuerten Gustavo_Kuerten_0001
Gustavo_Kuerten Gustavo_Kuerten_0002
Gustavo_Kuerten Gustavo_Kuerten_0003
Gustavo_Terrazas Gustavo_Terrazas_0001
Guy_Hemmings Guy_Hemmings_0002
Guy_Ritchie Guy_Ritchie_0001
Hank_Stram Hank_Stram_0001
Hans-Christian_Schmid Hans-Christian_Schmid_0001
Harbhajan_Singh Harbhajan_Singh_0001
Harbhajan_Singh Harbhajan_Singh_0002
Hasan_Wirayuda Hasan_Wirayuda_0001
Hatsui_Hasuike Hatsui_Hasuike_0001
Heath_Ledger Heath_Ledger_0001
Heath_Ledger Heath_Ledger_0002
Heather_Locklear Heather_Locklear_0001
Hector_Babenco Hector_Babenco_0002
Hector_Grullon Hector_Grullon_0001
Hee-Won_Han Hee-Won_Han_0001
Hee-Won_Han Hee-Won_Han_0003
Heidi_Klum Heidi_Klum_0003
Heinrich_Wolfgang Heinrich_Wolfgang_0001
Helen_Alvare Helen_Alvare_0001
Helen_Clark Helen_Clark_0002
Helen_Clark Helen_Clark_0003
Helen_Clark Helen_Clark_0004
Henk_Bekedam Henk_Bekedam_0001
Herb_Sendek Herb_Sendek_0003
Herman_Edwards Herman_Edwards_0001
Hernan_Diaz Hernan_Diaz_0001
Hideki_Matsui Hideki_Matsui_0001
Hideki_Matsui Hideki_Matsui_0002
Hikmat_al-Azzawi Hikmat_al-Azzawi_0001
Hisham_Halawi Hisham_Halawi_0001
Hosni_Mubarak Hosni_Mubarak_0008
Hosni_Mubarak Hosni_Mubarak_0009
Howard_Stringer Howard_Stringer_0001
Hu_Jintao Hu_Jintao_0001
Hu_Jintao Hu_Jintao_0002
Hu_Jintao Hu_Jintao_0003
Hu_Jintao Hu_Jintao_0012
Hugh_Grant Hugh_Grant_0001
Hugh_Grant Hugh_Grant_0007
Hugh_Grant Hugh_Grant_0009
Hun_Sen Hun_Sen_0001
Hun_Sen Hun_Sen_0002
Hun_Sen Hun_Sen_0004
Hushiar_Zebari Hushiar_Zebari_0001
Hussein_Malik Hussein_Malik_0001
Ian_McKellen Ian_McKellen_0001
Ian_McKellen Ian_McKellen_0002
Ian_McKellen Ian_McKellen_0003
Ibrahim_Hilal Ibrahim_Hilal_0001
Inocencio_Arias Inocencio_Arias_0001
Inocencio_Arias Inocencio_Arias_0002
Irwan_Fadzi_Idris Irwan_Fadzi_Idris_0001
JT_Snow JT_Snow_0001
Jack_Valenti Jack_Valenti_0001
Jackie_Chan Jackie_Chan_0001
Jackie_Chan Jackie_Chan_0007
Jackie_Chan Jackie_Chan_0010
Jackie_Chan Jackie_Chan_0012
Jacob_Frenkel Jacob_Frenkel_0001
Jacques_Kallis Jacques_Kallis_0001
Jada_Pinkett_Smith Jada_Pinkett_Smith_0001
Jada_Pinkett_Smith Jada_Pinkett_Smith_0002
Jaime_Orti Jaime_Orti_0001
James_Caan James_Caan_0001
James_Caan James_Caan_0002
James_Collinson James_Collinson_0001
James_Cunningham James_Cunningham_0001
James_Cunningham James_Cunningham_0002
James_Cunningham James_Cunningham_0003
James_Gandolfini James_Gandolfini_0001
James_Gandolfini James_Gandolfini_0003
James_Hakett James_Hakett_0001
James_Robertson_Jr James_Robertson_Jr_0001
James_Schultz James_Schultz_0001
James_Schultz James_Schultz_0002
James_Spalding James_Spalding_0001
James_Traficant James_Traficant_0001
James_Traficant James_Traficant_0002
James_Traficant James_Traficant_0003
James_W_Kennedy James_W_Kennedy_0001
James_Wolfensohn James_Wolfensohn_0001
James_Wolfensohn James_Wolfensohn_0003
Jane_Fonda Jane_Fonda_0001
Jane_Fonda Jane_Fonda_0002
Jane_Pauley Jane_Pauley_0001
Jane_Pauley Jane_Pauley_0002
Janet_Napolitano Janet_Napolitano_0001
Janet_Napolitano Janet_Napolitano_0002
Janet_Napolitano Janet_Napolitano_0003
Janet_Napolitano Janet_Napolitano_0004
Janette_Husarova Janette_Husarova_0001
Jaromir_Jagr Jaromir_Jagr_0001
Jason_Gardner Jason_Gardner_0001
Jason_Jennings Jason_Jennings_0001
Jason_Jennings Jason_Jennings_0002
Jason_Sorens Jason_Sorens_0001
Jason_Statham Jason_Statham_0001
Javier_Solana Javier_Solana_0002
Javier_Solana Javier_Solana_0006
Javier_Solana Javier_Solana_0007
Javier_Solana Javier_Solana_0009
Jay_Leno Jay_Leno_0002
Jay_Leno Jay_Leno_0003
Jayson_Williams Jayson_Williams_0001
Jayson_Williams Jayson_Williams_0002
Jayson_Williams Jayson_Williams_0003
Jean-Luc_Bideau Jean-Luc_Bideau_0001
Jean-Rene_Fourtou Jean-Rene_Fourtou_0001
Jean-Sebastien_Giguere Jean-Sebastien_Giguere_0001
Jean-Sebastien_Giguere Jean-Sebastien_Giguere_0002
Jean_Brumley Jean_Brumley_0001
Jean_Brumley Jean_Brumley_0002
Jeff_Feldman Jeff_Feldman_0001
Jeffery_Strelzin Jeffery_Strelzin_0001
Jeffrey_Donaldson Jeffrey_Donaldson_0001
Jeffrey_Immelt Jeffrey_Immelt_0001
Jeffrey_Immelt Jeffrey_Immelt_0002
Jeffrey_Jones Jeffrey_Jones_0001
Jeffrey_Jones Jeffrey_Jones_0002
Jennifer_Garner Jennifer_Garner_0001
Jennifer_Garner Jennifer_Garner_0002
Jennifer_Garner Jennifer_Garner_0004
Jennifer_Garner Jennifer_Garner_0005
Jennifer_Garner Jennifer_Garner_0006
Jennifer_Garner Jennifer_Garner_0010
Jennifer_Garner Jennifer_Garner_0011
Jennifer_Lopez Jennifer_Lopez_0004
Jennifer_Lopez Jennifer_Lopez_0005
Jennifer_Lopez Jennifer_Lopez_0007
Jennifer_Lopez Jennifer_Lopez_0009
Jennifer_Lopez Jennifer_Lopez_0010
Jennifer_Lopez Jennifer_Lopez_0015
Jennifer_Lopez Jennifer_Lopez_0021
Jennifer_Reilly Jennifer_Reilly_0001
Jeremy_Fogel Jeremy_Fogel_0001
Jeremy_Gompertz Jeremy_Gompertz_0001
Jerry_Colangelo Jerry_Colangelo_0001
Jerry_Lewis Jerry_Lewis_0001
Jerry_Tarkanian Jerry_Tarkanian_0001
Jesper_Parnevik Jesper_Parnevik_0001
Jesse_James_Leija Jesse_James_Leija_0001
Jesus_Cardenal Jesus_Cardenal_0001
Jim_Bunning Jim_Bunning_0001
Jim_Edmonds Jim_Edmonds_0001
Jim_Edmonds Jim_Edmonds_0002
Jim_Fassel Jim_Fassel_0001
Jim_Hardin Jim_Hardin_0001
Jim_Nochols Jim_Nochols_0001
Jim_OBrien Jim_OBrien_0001
Jim_OBrien Jim_OBrien_0002
Jim_OBrien Jim_OBrien_0003
Jim_Ryan Jim_Ryan_0001
Jim_Taylor Jim_Taylor_0001
Jim_Tressel Jim_Tressel_0001
Jim_Tressel Jim_Tressel_0002
Jim_Tressel Jim_Tressel_0003
Jim_Wall Jim_Wall_0001
Jiri_Novak Jiri_Novak_0001
Jiri_Novak Jiri_Novak_0004
Jiri_Novak Jiri_Novak_0007
Jiri_Novak Jiri_Novak_0009
Jiri_Novak Jiri_Novak_0010
Jiri_Novak Jiri_Novak_0011
Joan_Claybrook Joan_Claybrook_0001
Joan_Claybrook Joan_Claybrook_0002
Joanne_Woodward Joanne_Woodward_0001
Joe_Carnahan Joe_Carnahan_0001
Joe_Gatti Joe_Gatti_0001
Joe_Gatti Joe_Gatti_0002
Joe_Mendes Joe_Mendes_0001
Joe_Torre Joe_Torre_0002
Joe_Torre Joe_Torre_0003
Joe_Torre Joe_Torre_0004
Joel_Todd Joel_Todd_0001
Joerg_Haider Joerg_Haider_0001
Joerg_Haider Joerg_Haider_0002
Joey_Mantia Joey_Mantia_0001
John_Anderson John_Anderson_0001
John_Connolly John_Connolly_0001
John_Cusack John_Cusack_0001
John_Cusack John_Cusack_0002
John_Dallager John_Dallager_0001
John_Edwards John_Edwards_0006
John_F_Kennedy_Jr John_F_Kennedy_Jr_0001
John_F_Kennedy_Jr John_F_Kennedy_Jr_0002
John_Henry John_Henry_0001
John_Jumper John_Jumper_0001
John_Leguizamo John_Leguizamo_0001
John_Lithgow John_Lithgow_0001
John_Manley John_Manley_0002
John_Manley John_Manley_0003
John_Manley John_Manley_0004
John_Manley John_Manley_0005
John_Manley John_Manley_0007
John_McCain John_McCain_0003
John_McCain John_McCain_0004
John_McCain John_McCain_0005
John_McCain John_McCain_0006
John_McKay John_McKay_0001
John_Petty John_Petty_0001
John_Philip_Elkann John_Philip_Elkann_0001
John_Reid John_Reid_0001
John_Reid John_Reid_0002
John_Richardson John_Richardson_0001
John_Rigas John_Rigas_0001
John_Rigas John_Rigas_0002
John_Taylor John_Taylor_0001
John_Taylor John_Taylor_0002
John_Thune John_Thune_0001
John_Warner John_Warner_0001
John_Warner John_Warner_0002
John_Warner John_Warner_0003
John_Warner John_Warner_0004
John_White John_White_0001
John_Wright John_Wright_0001
Johnny_Htu Johnny_Htu_0001
Jonathan_Edwards Jonathan_Edwards_0002
Jonathan_Edwards Jonathan_Edwards_0004
Jonathan_Karsh Jonathan_Karsh_0001
Jonathan_Schroeder Jonathan_Schroeder_0001
Jong_Wook_Lee Jong_Wook_Lee_0004
Jorge_Batlle Jorge_Batlle_0001
Jorge_Batlle Jorge_Batlle_0002
Jorge_Batlle Jorge_Batlle_0003
Jose_Mourinho Jose_Mourinho_0001
Jose_Mourinho Jose_Mourinho_0002
Jose_Rosado Jose_Rosado_0001
Jose_Serra Jose_Serra_0001
Jose_Serra Jose_Serra_0005
Jose_Serra Jose_Serra_0009
Jose_Theodore Jose_Theodore_0001
Joseph_Blatter Joseph_Blatter_0002
Joseph_Estrada Joseph_Estrada_0002
Joseph_Nacchio Joseph_Nacchio_0001
Josh_Evans Josh_Evans_0001
Juan_Fernandez Juan_Fernandez_0001
Juan_Ignacio_Chela Juan_Ignacio_Chela_0001
Juan_Ignacio_Chela Juan_Ignacio_Chela_0003
Juan_Valencia_Osorio Juan_Valencia_Osorio_0001
Juan_Valencia_Osorio Juan_Valencia_Osorio_0002
Juanes Juanes_0001
Juanes Juanes_0002
Juanes Juanes_0003
Juergen_Peters Juergen_Peters_0001
Juergen_Peters Juergen_Peters_0002
Julio_Iglesias_Jr Julio_Iglesias_Jr_0001
Julius_Barnes Julius_Barnes_0001
Justin_Marshall Justin_Marshall_0001
Kaspar_Villiger Kaspar_Villiger_0001
Kate_Burton Kate_Burton_0001
Kate_Capshaw Kate_Capshaw_0001
Kate_Capshaw Kate_Capshaw_0002
Kate_Winslet Kate_Winslet_0001
Kate_Winslet Kate_Winslet_0002
Kate_Winslet Kate_Winslet_0004
Katherine_Harris Katherine_Harris_0002
Kathryn_Bigelow Kathryn_Bigelow_0001
Kathryn_Grayson Kathryn_Grayson_0001
Kathryn_Tucker Kathryn_Tucker_0001
Kathy_Bates Kathy_Bates_0001
Katie_Couric Katie_Couric_0001
Katrin_Cartlidge Katrin_Cartlidge_0001
Katrin_Susi Katrin_Susi_0001
Kaye_Young Kaye_Young_0001
Keira_Knightley Keira_Knightley_0002
Keith_Bishop_Jr Keith_Bishop_Jr_0001
Keith_Brown Keith_Brown_0001
Kellie_Coffey Kellie_Coffey_0001
Kelly_Clarkson Kelly_Clarkson_0001
Kelly_Clarkson Kelly_Clarkson_0003
Kelvin_Sampson Kelvin_Sampson_0002
Kemal_Dervis Kemal_Dervis_0001
Kemal_Dervis Kemal_Dervis_0002
Ken_Watanabe Ken_Watanabe_0001
Ken_Watanabe Ken_Watanabe_0002
Kevin_Stallings Kevin_Stallings_0001
Kevin_Stallings Kevin_Stallings_0002
Khalid_Qazi Khalid_Qazi_0001
Kim_Clijsters Kim_Clijsters_0004
Kim_Clijsters Kim_Clijsters_0006
Kim_Clijsters Kim_Clijsters_0009
Kim_Dae-jung Kim_Dae-jung_0004
Kim_Hong-up Kim_Hong-up_0001
Kimberly_Bruckner Kimberly_Bruckner_0001
Kimberly_Stewart Kimberly_Stewart_0001
Kirk_Doerger Kirk_Doerger_0001
Kirk_Douglas Kirk_Douglas_0001
Kristen_Rivera Kristen_Rivera_0001
Kristin_Scott Kristin_Scott_0001
Kurt_Busch Kurt_Busch_0001
Kurt_Busch Kurt_Busch_0002
Kurt_Schottenheimer Kurt_Schottenheimer_0001
Kurt_Thomas Kurt_Thomas_0001
Laila_Ali Laila_Ali_0001
Laila_Ali Laila_Ali_0002
Landon_Donovan Landon_Donovan_0001
Lara_Logan Lara_Logan_0001
Larenz_Tate Larenz_Tate_0001
Larry_Wilmore Larry_Wilmore_0001
Lars_Von_Trier Lars_Von_Trier_0003
Laura_Bush Laura_Bush_0004
Laura_Bush Laura_Bush_0011
Laura_Bush Laura_Bush_0013
Laura_Bush Laura_Bush_0016
Laura_Bush Laura_Bush_0032
Laura_Bush Laura_Bush_0040
Laura_Gobai Laura_Gobai_0001
Lauren_Hutton Lauren_Hutton_0002
Laurie_Pirtle Laurie_Pirtle_0001
Lawrence_Foley Lawrence_Foley_0001
Lawrence_Vito Lawrence_Vito_0001
Leah_Remini Leah_Remini_0001
Leander_Paes Leander_Paes_0001
Leander_Paes Leander_Paes_0002
Lee_Byung-woong Lee_Byung-woong_0001
Lee_Chang-dong Lee_Chang-dong_0001
Lee_Jun Lee_Jun_0001
Lee_Jun Lee_Jun_0002
Lee_Yuan-tseh Lee_Yuan-tseh_0001
Leland_Chapman Leland_Chapman_0001
Lene_Espersen Lene_Espersen_0001
Lennox_Lewis Lennox_Lewis_0003
Lenny_Kravitz Lenny_Kravitz_0001
Lesley_McCulloch Lesley_McCulloch_0001
Lesley_McCulloch Lesley_McCulloch_0002
Lesley_McCulloch Lesley_McCulloch_0003
Leuris_Pupo Leuris_Pupo_0001
Li_Ka-shing Li_Ka-shing_0001
Li_Peng Li_Peng_0001
Li_Peng Li_Peng_0007
Li_Zhaoxing Li_Zhaoxing_0001
Li_Zhaoxing Li_Zhaoxing_0002
Li_Zhaoxing Li_Zhaoxing_0005
Li_Zhaoxing Li_Zhaoxing_0007
Li_Zhaoxing Li_Zhaoxing_0008
Liliana_Cavani Liliana_Cavani_0001
Lincoln_Chafee Lincoln_Chafee_0001
Linda_Baboolal Linda_Baboolal_0001
Lionel_Hampton Lionel_Hampton_0001
Lionel_Richie Lionel_Richie_0001
Lionel_Richie Lionel_Richie_0002
Lloyd_Richards Lloyd_Richards_0001
Lord_Hutton Lord_Hutton_0001
Luciano_Bovicelli Luciano_Bovicelli_0001
Lucio_Stanca Lucio_Stanca_0001
Ludivine_Sagnier Ludivine_Sagnier_0001
Ludivine_Sagnier Ludivine_Sagnier_0003
Ludivine_Sagnier Ludivine_Sagnier_0004
Luiz_Felipe_Scolari Luiz_Felipe_Scolari_0002
Luke_Walton Luke_Walton_0001
Luke_Walton Luke_Walton_0002
Luther_Htu Luther_Htu_0001
Lynne_Cheney Lynne_Cheney_0001
Lynne_Cheney Lynne_Cheney_0002
Lynne_Cheney Lynne_Cheney_0003
Lyudmila_Putin Lyudmila_Putin_0001
Madeleine_Albright Madeleine_Albright_0001
Madonna Madonna_0002
Madonna Madonna_0005
Magdalena_Maleeva Magdalena_Maleeva_0001
Magdalena_Maleeva Magdalena_Maleeva_0002
Magui_Serna Magui_Serna_0001
Mahathir_Mohamad Mahathir_Mohamad_0009
Mahathir_Mohamad Mahathir_Mohamad_0011
Mahathir_Mohamad Mahathir_Mohamad_0012
Malcolm_Glazer Malcolm_Glazer_0001
Marc_Gold Marc_Gold_0001
Marc_Grossman Marc_Grossman_0001
Marc_Grossman Marc_Grossman_0002
Marc_Grossman Marc_Grossman_0003
Marc_Shaiman Marc_Shaiman_0001
Marcio_de_Souza Marcio_de_Souza_0001
Margaret_Thatcher Margaret_Thatcher_0001
Margaret_Thatcher Margaret_Thatcher_0002
Maria_Luisa_Mendonca Maria_Luisa_Mendonca_0002
Maria_Wetterstrand Maria_Wetterstrand_0001
Mariana_Pollack Mariana_Pollack_0001
Mariana_Pollack Mariana_Pollack_0002
Mariangel_Ruiz_Torrealba Mariangel_Ruiz_Torrealba_0001
Maribel_Dominguez Maribel_Dominguez_0001
Marina_Anissina Marina_Anissina_0001
Marina_Anissina Marina_Anissina_0002
Mario_Austin Mario_Austin_0001
Marisol_Breton Marisol_Breton_0001
Mark_Salter Mark_Salter_0001
Mark_Warner Mark_Warner_0001
Mark_Warner Mark_Warner_0002
Markus_Beyer Markus_Beyer_0001
Martha_Beatriz_Roque Martha_Beatriz_Roque_0001
Martha_Beatriz_Roque Martha_Beatriz_Roque_0002
Martha_Smith Martha_Smith_0001
Martin_Brodeur Martin_Brodeur_0002
Martin_Hoellwarth Martin_Hoellwarth_0002
Martin_McCauley Martin_McCauley_0001
Martin_McCauley Martin_McCauley_0002
Martin_Scorsese Martin_Scorsese_0001
Martin_Scorsese Martin_Scorsese_0002
Martin_Scorsese Martin_Scorsese_0003
Martin_Scorsese Martin_Scorsese_0004
Martin_Scorsese Martin_Scorsese_0005
Martin_Scorsese Martin_Scorsese_0006
Martina_McBride Martina_McBride_0002
Martina_McBride Martina_McBride_0003
Martina_McBride Martina_McBride_0004
Marwan_Muasher Marwan_Muasher_0001
Mary-Kate_Olsen Mary-Kate_Olsen_0001
Mary_Blige Mary_Blige_0001
Mary_Catherine_Correll Mary_Catherine_Correll_0001
Masahiko_Nagasawa Masahiko_Nagasawa_0001
Masahiko_Nagasawa Masahiko_Nagasawa_0002
Massoud_Barzani Massoud_Barzani_0001
Matt_Anderson Matt_Anderson_0001
Matt_Roney Matt_Roney_0001
Matthew_Ouimet Matthew_Ouimet_0001
Maureen_Kanka Maureen_Kanka_0001
Max_von_Sydow Max_von_Sydow_0001
Mel_Brooks Mel_Brooks_0001
Mel_Brooks Mel_Brooks_0002
Melina_Kanakaredes Melina_Kanakaredes_0001
Mesut_Yilmaz Mesut_Yilmaz_0001
Mesut_Yilmaz Mesut_Yilmaz_0002
Mian_Khursheed_Mehmood_Kasuri Mian_Khursheed_Mehmood_Kasuri_0003
Michael_Bloomberg Michael_Bloomberg_0001
Michael_Bloomberg Michael_Bloomberg_0016
Michael_Bloomberg Michael_Bloomberg_0018
Michael_Chertoff Michael_Chertoff_0001
Michael_Diekmann Michael_Diekmann_0001
Michael_Doleac Michael_Doleac_0001
Michael_Hagee Michael_Hagee_0001
Michael_Jasny Michael_Jasny_0001
Michael_Kostelnik Michael_Kostelnik_0001
Michael_Kostelnik Michael_Kostelnik_0002
Michael_Leavitt Michael_Leavitt_0001
Michael_Moore Michael_Moore_0003
Michael_Patrick_King Michael_Patrick_King_0001
Michael_Patrick_King Michael_Patrick_King_0002
Michael_Rolinee Michael_Rolinee_0001
Michelangelo_Antonioni Michelangelo_Antonioni_0001
Michelle_Lecky Michelle_Lecky_0001
Miguel_Juarez_Perez Miguel_Juarez_Perez_0001
Mike_Babcock Mike_Babcock_0001
Mike_Babcock Mike_Babcock_0002
Mike_Bair Mike_Bair_0001
Mike_Fisher Mike_Fisher_0001
Mike_Gable Mike_Gable_0001
Mike_Martz Mike_Martz_0004
Mikhail_Kasyanov Mikhail_Kasyanov_0001
Mikhail_Kasyanov Mikhail_Kasyanov_0002
Milo_Djukanovic Milo_Djukanovic_0001
Milo_Djukanovic Milo_Djukanovic_0003
Milo_Maestrecampo Milo_Maestrecampo_0001
Milo_Maestrecampo Milo_Maestrecampo_0002
Milo_Maestrecampo Milo_Maestrecampo_0003
Milt_Palacio Milt_Palacio_0001
Miroljub Miroljub_0001
Miroljub Miroljub_0002
Misty_Dawn_Clymer Misty_Dawn_Clymer_0001
Mitchell_Crooks Mitchell_Crooks_0001
Miyako_Miyazaki Miyako_Miyazaki_0002
Mohamed_Benaissa Mohamed_Benaissa_0001
Mohamed_Benaissa Mohamed_Benaissa_0002
Mohamed_Hammam Mohamed_Hammam_0001
Mohammed_Al-Douri Mohammed_Al-Douri_0002
Mohammed_Al-Douri Mohammed_Al-Douri_0005
Mohammed_Mehdi_Saleh Mohammed_Mehdi_Saleh_0001
Monique_Gagnon-Tremblay Monique_Gagnon-Tremblay_0001
Monte_Kiffin Monte_Kiffin_0001
Morgan_Fairchild Morgan_Fairchild_0001
Muhammad_Ibrahim_Bilal Muhammad_Ibrahim_Bilal_0001
Nadia_Petrova Nadia_Petrova_0001
Nadia_Petrova Nadia_Petrova_0005
Naji_Sabri Naji_Sabri_0004
Naomi_Watts Naomi_Watts_0012
Naomi_Watts Naomi_Watts_0013
Naomi_Watts Naomi_Watts_0014
Natalia_Vodonova Natalia_Vodonova_0001
Natalie_Cole Natalie_Cole_0003
Natalie_Stewart Natalie_Stewart_0001
Nathalie_Baye Nathalie_Baye_0002
Nathalie_Baye Nathalie_Baye_0003
Nathalie_Baye Nathalie_Baye_0004
Nia_Vardalos Nia_Vardalos_0004
Nicolas_Cage Nicolas_Cage_0001
Nicolas_Cage Nicolas_Cage_0002
Nicolas_Cage Nicolas_Cage_0004
Nicolas_Latorre Nicolas_Latorre_0001
Noel_Forgeard Noel_Forgeard_0001
Noelle_Bush Noelle_Bush_0002
Noelle_Bush Noelle_Bush_0004
Norah_Jones Norah_Jones_0005
Norah_Jones Norah_Jones_0013
Norm_Macdonald Norm_Macdonald_0001
Norodom_Sihanouk Norodom_Sihanouk_0001
Norodom_Sihanouk Norodom_Sihanouk_0003
Oleksandr_Moroz Oleksandr_Moroz_0002
Olene_Walker Olene_Walker_0001
Omar_Sharif Omar_Sharif_0002
Omar_Sharif Omar_Sharif_0004
Oprah_Winfrey Oprah_Winfrey_0004
Oscar_Bolanos Oscar_Bolanos_0001
Osrat_Iosef Osrat_Iosef_0001
Pablo_Khulental Pablo_Khulental_0001
Paddy_Long Paddy_Long_0001
Paddy_Torsney Paddy_Torsney_0001
Pamela_Anderson Pamela_Anderson_0002
Pamela_Anderson Pamela_Anderson_0005
Paola_Espinoza Paola_Espinoza_0001
Paradorn_Srichaphan Paradorn_Srichaphan_0003
Paradorn_Srichaphan Paradorn_Srichaphan_0007
Paradorn_Srichaphan Paradorn_Srichaphan_0008
Paradorn_Srichaphan Paradorn_Srichaphan_0010
Pascal_Rheaume Pascal_Rheaume_0001
Pat_Cox Pat_Cox_0002
Pat_Rochester Pat_Rochester_0001
Patricia_Clarkson Patricia_Clarkson_0001
Patricia_Clarkson Patricia_Clarkson_0003
Patricia_Clarkson Patricia_Clarkson_0004
Patricia_Garone Patricia_Garone_0001
Patricia_Heaton Patricia_Heaton_0001
Patricia_Heaton Patricia_Heaton_0002
Patricia_Johnson Patricia_Johnson_0001
Patrick_Clawsen Patrick_Clawsen_0001
Patrick_Ewing Patrick_Ewing_0001
Patrick_Roy Patrick_Roy_0002
Patrick_Stewart Patrick_Stewart_0002
Paul_Farley Paul_Farley_0001
Paul_Henderson Paul_Henderson_0001
Paul_McCartney Paul_McCartney_0006
Paul_ONeill Paul_ONeill_0008
Paul_ONeill Paul_ONeill_0009
Paul_Pierce Paul_Pierce_0001
Paul_Pierce Paul_Pierce_0002
Paul_Tagliabue Paul_Tagliabue_0001
Paul_Tagliabue Paul_Tagliabue_0002
Paul_Tagliabue Paul_Tagliabue_0003
Paul_William_Hurley Paul_William_Hurley_0001
Paula_Dobriansky Paula_Dobriansky_0001
Paula_Radcliffe Paula_Radcliffe_0004
Paula_Radcliffe Paula_Radcliffe_0005
Pauline_Landers Pauline_Landers_0001
Pedro_Mahecha Pedro_Mahecha_0001
Pele Pele_0001
Penny_Lancaster Penny_Lancaster_0001
Pernilla_Bjorn Pernilla_Bjorn_0001
Pete_Beaudrault Pete_Beaudrault_0001
Pete_Gillen Pete_Gillen_0001
Pete_Sampras Pete_Sampras_0003
Pete_Sampras Pete_Sampras_0018
Peter_Albertsen Peter_Albertsen_0001
Peter_Chan Peter_Chan_0001
Peter_Hillary Peter_Hillary_0001
Peter_Hillary Peter_Hillary_0002
Peter_Medgyessy Peter_Medgyessy_0001
Peter_Struck Peter_Struck_0005
Petria_Thomas Petria_Thomas_0001
Petria_Thomas Petria_Thomas_0002
Petria_Thomas Petria_Thomas_0003
Pham_Sy_Chien Pham_Sy_Chien_0001
Phil_Mickelson Phil_Mickelson_0002
Phil_Vassar Phil_Vassar_0002
Pier_Ferdinando_Casini Pier_Ferdinando_Casini_0001
Piers_Sellers Piers_Sellers_0001
Prince_Charles Prince_Charles_0002
Prince_Charles Prince_Charles_0005
Prince_Edward Prince_Edward_0001
Prince_Edward Prince_Edward_0002
Prince_Naruhito Prince_Naruhito_0002
Prince_Naruhito Prince_Naruhito_0003
Prince_Philippe Prince_Philippe_0001
Prince_William Prince_William_0001
Pringe_Ernst_August Pringe_Ernst_August_0001
Priscilla_Owen Priscilla_Owen_0001
Queen_Beatrix Queen_Beatrix_0001
Queen_Beatrix Queen_Beatrix_0002
Queen_Beatrix Queen_Beatrix_0004
Quin_Snyder Quin_Snyder_0001
Quincy_Jones Quincy_Jones_0001
Rachel_Kempson Rachel_Kempson_0001
Rainer_Geulen Rainer_Geulen_0001
Ralph_Firman Ralph_Firman_0002
Ralph_Lauren Ralph_Lauren_0001
Ralph_Lauren Ralph_Lauren_0002
Randy_Jackson Randy_Jackson_0001
Ranil_Wickremasinghe Ranil_Wickremasinghe_0002
Ray_Halbritter Ray_Halbritter_0001
Ray_Romano Ray_Romano_0009
Raymond_Odierno Raymond_Odierno_0002
Rhett_Warrener Rhett_Warrener_0001
Ricardo_Lagos Ricardo_Lagos_0001
Ricardo_Lagos Ricardo_Lagos_0002
Ricardo_Lagos Ricardo_Lagos_0003
Ricardo_Lagos Ricardo_Lagos_0009
Ricardo_Lagos Ricardo_Lagos_0018
Ricardo_Lagos Ricardo_Lagos_0022
Ricardo_Monasterio Ricardo_Monasterio_0002
Richard_Cohen Richard_Cohen_0001
Richard_Gephardt Richard_Gephardt_0002
Richard_Gephardt Richard_Gephardt_0003
Richard_Gephardt Richard_Gephardt_0004
Richard_Gephardt Richard_Gephardt_0006
Richard_Gephardt Richard_Gephardt_0008
Richard_Haass Richard_Haass_0001
Richard_Haass Richard_Haass_0002
Richard_Krajicek Richard_Krajicek_0002
Richard_Krajicek Richard_Krajicek_0003
Richard_Naughton Richard_Naughton_0001
Richard_Palmer Richard_Palmer_0001
Richard_Perle Richard_Perle_0001
Richard_Tubb Richard_Tubb_0001
Richard_Virenque Richard_Virenque_0003
Richard_Virenque Richard_Virenque_0004
Ricky_Martin Ricky_Martin_0001
Ricky_Martin Ricky_Martin_0002
Rio_Ferdinand Rio_Ferdinand_0002
Robert_Altman Robert_Altman_0001
Robert_DeFraites Robert_DeFraites_0001
Robert_Duvall Robert_Duvall_0001
Robert_Duvall Robert_Duvall_0003
Robert_Duvall Robert_Duvall_0006
Robert_Fico Robert_Fico_0002
Robert_Lange Robert_Lange_0001
Robert_Pollack Robert_Pollack_0001
Robert_Schuller Robert_Schuller_0001
Robert_Stack Robert_Stack_0001
Robert_Stack Robert_Stack_0002
Robert_Witt Robert_Witt_0001
Robert_Witt Robert_Witt_0002
Robert_Zoellick Robert_Zoellick_0002
Robert_Zoellick Robert_Zoellick_0006
Roberto_Benigni Roberto_Benigni_0001
Roberto_Benigni Roberto_Benigni_0002
Roberto_Canessa Roberto_Canessa_0001
Roberto_Carlos Roberto_Carlos_0001
Roberto_Cercelletta Roberto_Cercelletta_0001
Rod_Bryden Rod_Bryden_0001
Roger_King Roger_King_0001
Rohinton_Mistry Rohinton_Mistry_0001
Rolf_Zimmermann Rolf_Zimmermann_0001
Ronald_Reagan Ronald_Reagan_0001
Ronald_Reagan Ronald_Reagan_0002
Rosalie_Perkov Rosalie_Perkov_0001
Roy_Halladay Roy_Halladay_0001
Rudi_Voeller Rudi_Voeller_0001
Ruth_Dreifuss Ruth_Dreifuss_0001
Ruth_Dreifuss Ruth_Dreifuss_0002
Ryan_Goodman Ryan_Goodman_0001
Ryan_Newman Ryan_Newman_0001
SJ_Twu SJ_Twu_0001
Sada_Jacobson Sada_Jacobson_0001
Sadie_Frost Sadie_Frost_0003
Saeed_Mortazavi Saeed_Mortazavi_0001
Saied_Hadi_al_Mudarissi Saied_Hadi_al_Mudarissi_0001
Sammy_Sosa Sammy_Sosa_0001
Sammy_Sosa Sammy_Sosa_0002
San_Lan San_Lan_0001
Sandra_Banning Sandra_Banning_0001
Santiago_Botero Santiago_Botero_0001
Sara_Silverman Sara_Silverman_0001
Sarah_Hughes Sarah_Hughes_0001
Sarah_Hughes Sarah_Hughes_0002
Sarah_Hughes Sarah_Hughes_0006
Sarah_Michelle_Gellar Sarah_Michelle_Gellar_0002
Sarah_Michelle_Gellar Sarah_Michelle_Gellar_0003
Sarah_Price Sarah_Price_0001
Scott_OGrady Scott_OGrady_0001
Scott_Peterson Scott_Peterson_0001
Scott_Peterson Scott_Peterson_0002
Scott_Peterson Scott_Peterson_0003
Scott_Peterson Scott_Peterson_0004
Scott_Rudin Scott_Rudin_0002
Scott_Verplank Scott_Verplank_0001
Sean_Combs Sean_Combs_0001
Sean_Hayes Sean_Hayes_0001
Selma_Phoenix Selma_Phoenix_0001
Sereyvuth_Kem Sereyvuth_Kem_0001
Sergei_Ivanov Sergei_Ivanov_0001
Shane_Loux Shane_Loux_0001
Shawn_Kemp Shawn_Kemp_0001
Sherri_Coale Sherri_Coale_0001
Shia_LaBeouf Shia_LaBeouf_0001
Shia_LaBeouf Shia_LaBeouf_0002
Shimon_Peres Shimon_Peres_0002
Shimon_Peres Shimon_Peres_0003
Shimon_Peres Shimon_Peres_0006
Shingo_Katayama Shingo_Katayama_0001
Shingo_Suetsugu Shingo_Suetsugu_0001
Shoshana_Johnson Shoshana_Johnson_0001
Sila_Calderon Sila_Calderon_0001
Silvia_Farina_Elia Silvia_Farina_Elia_0001
Silvia_Farina_Elia Silvia_Farina_Elia_0003
Slobodan_Milosevic Slobodan_Milosevic_0002
Sonia_Gandhi Sonia_Gandhi_0001
Sonia_Gandhi Sonia_Gandhi_0002
Sonia_Gandhi Sonia_Gandhi_0003
Spike_Helmick Spike_Helmick_0001
Stan_Kroenke Stan_Kroenke_0001
Stephen_Daldry Stephen_Daldry_0001
Stephen_Friedman Stephen_Friedman_0001
Stephen_Funk Stephen_Funk_0001
Steve_Karsay Steve_Karsay_0001
Steve_Largent Steve_Largent_0001
Steve_Phillips Steve_Phillips_0001
Steve_Redgrave Steve_Redgrave_0001
Steve_Spurrier Steve_Spurrier_0002
Stockard_Channing Stockard_Channing_0001
Strom_Thurmond Strom_Thurmond_0001
Susan_Walvius Susan_Walvius_0001
Suzanne_Haik_Terrell Suzanne_Haik_Terrell_0001
Suzanne_Torrance Suzanne_Torrance_0001
Sylvester_Stallone Sylvester_Stallone_0005
Sylvester_Stallone Sylvester_Stallone_0006
Tab_Turner Tab_Turner_0001
Tabare_Vazquez Tabare_Vazquez_0001
Taku_Yamasaki Taku_Yamasaki_0001
Takuma_Sato Takuma_Sato_0001
Tatiana_Paus Tatiana_Paus_0001
Tatyana_Tomashova Tatyana_Tomashova_0001
Taufik_Hidayat Taufik_Hidayat_0001
Ted_Williams Ted_Williams_0001
Terje_Roed-Larsen Terje_Roed-Larsen_0001
Terje_Roed-Larsen Terje_Roed-Larsen_0002
Terry_Gilliam Terry_Gilliam_0001
Terry_Stotts Terry_Stotts_0001
Terry_Stotts Terry_Stotts_0002
Theresa_May Theresa_May_0001
Theresa_May Theresa_May_0003
Thomas_Enqvist Thomas_Enqvist_0001
Thomas_Rupprath Thomas_Rupprath_0003
Thomas_Ulrich Thomas_Ulrich_0001
Thomas_Wyman Thomas_Wyman_0002
Tim_Curley Tim_Curley_0001
Tim_Floyd Tim_Floyd_0002
Tim_Lobinger Tim_Lobinger_0001
Tim_Welsh Tim_Welsh_0001
Tina_Pisnik Tina_Pisnik_0001
Todd_MacCulloch Todd_MacCulloch_0001
Tom_Brennan Tom_Brennan_0001
Tom_Crean Tom_Crean_0002
Tom_Crean Tom_Crean_0004
Tom_Crean Tom_Crean_0005
Tom_Harkin Tom_Harkin_0001
Tom_Harkin Tom_Harkin_0003
Tom_Harkin Tom_Harkin_0004
Tom_Harkin Tom_Harkin_0005
Tom_OBrien Tom_OBrien_0001
Tomas_Enge Tomas_Enge_0001
Tommy_Lewis Tommy_Lewis_0001
Toni_Jennings Toni_Jennings_0001
Tono_Suratman Tono_Suratman_0001
Tony_Bennett Tony_Bennett_0001
Tony_Bennett Tony_Bennett_0003
Toutai_Kefu Toutai_Kefu_0001
Tracy_McGrady Tracy_McGrady_0001
Tracy_McGrady Tracy_McGrady_0002
Trent_Lott Trent_Lott_0003
Trent_Lott Trent_Lott_0008
Trisha_Meili Trisha_Meili_0001
Tuncay_Sanli Tuncay_Sanli_0001
Tyler_Grillo Tyler_Grillo_0001
Tyrone_Medley Tyrone_Medley_0001
Vaclav_Klaus Vaclav_Klaus_0001
Vaclav_Klaus Vaclav_Klaus_0002
Valentina_Tereshkova Valentina_Tereshkova_0001
Valentino_Rossi Valentino_Rossi_0005
Valerie_Thwaites Valerie_Thwaites_0001
Vanessa_Incontrada Vanessa_Incontrada_0003
Vanessa_Incontrada Vanessa_Incontrada_0004
Vernon_Forrest Vernon_Forrest_0001
Vicki_Zhao_Wei Vicki_Zhao_Wei_0001
Vidar_Helgesen Vidar_Helgesen_0002
Vince_Carter Vince_Carter_0001
Vincent_Gallo Vincent_Gallo_0001
Vincent_Gallo Vincent_Gallo_0003
Vivica_Fox Vivica_Fox_0001
Vivica_Fox Vivica_Fox_0002
Vladimir_Voltchkov Vladimir_Voltchkov_0001
Vladimir_Voltchkov Vladimir_Voltchkov_0002
Wally_Szczerbiak Wally_Szczerbiak_0001
Walter_Mondale Walter_Mondale_0001
Walter_Mondale Walter_Mondale_0004
Walter_Mondale Walter_Mondale_0005
Wayne_Allard Wayne_Allard_0001
Wayne_Ferreira Wayne_Ferreira_0005
Wayne_Gretzky Wayne_Gretzky_0003
Wen_Jiabao Wen_Jiabao_0009
William_Bratton William_Bratton_0001
William_Bratton William_Bratton_0002
William_Bratton William_Bratton_0003
William_Bulger William_Bulger_0001
William_Bulger William_Bulger_0002
William_Bulger William_Bulger_0003
William_Bulger William_Bulger_0004
William_Ragland William_Ragland_0001
William_Shatner William_Shatner_0001
William_Swor William_Swor_0001
William_Webster William_Webster_0001
Willis_Roberts Willis_Roberts_0001
Wolfgang_Schuessel Wolfgang_Schuessel_0001
Wolfgang_Schuessel Wolfgang_Schuessel_0002
Wolfgang_Schuessel Wolfgang_Schuessel_0003
Wolfgang_Schuessel Wolfgang_Schuessel_0004
Xavier_Malisse Xavier_Malisse_0002
Xavier_Malisse Xavier_Malisse_0003
Xavier_Malisse Xavier_Malisse_0004
Yang_Hee_Kim Yang_Hee_Kim_0001
Yao_Ming Yao_Ming_0001
Yao_Ming Yao_Ming_0004
Yao_Ming Yao_Ming_0006
Yasar_Yakis Yasar_Yakis_0001
Yasar_Yakis Yasar_Yakis_0003
Yasar_Yakis Yasar_Yakis_0004
Yashwant_Sinha Yashwant_Sinha_0002
Yashwant_Sinha Yashwant_Sinha_0003
Yashwant_Sinha Yashwant_Sinha_0006
Yingfan_Wang Yingfan_Wang_0001
Yoon_Won-Sik Yoon_Won-Sik_0001
Yukio_Hatoyama Yukio_Hatoyama_0001
Zeng_Qinghong Zeng_Qinghong_0001
Zhu_Rongji Zhu_Rongji_0001
Zhu_Rongji Zhu_Rongji_0005
Zhu_Rongji Zhu_Rongji_0006
Zhu_Rongji Zhu_Rongji_0007
Zhu_Rongji Zhu_Rongji_0008
Zhu_Rongji Zhu_Rongji_0009
Zydrunas_Ilgauskas Zydrunas_Ilgauskas_0001
